cuisine,n_recipes
Canada,774
Turkey,16
Caribbean,183
Bangladesh,4
India,324
France,268
Italy,1461
Israel,9
Korea,32
Iran,21
Eastern-Europe,235
South-African,16
UK-and-Ireland,282
China,130
Belgium,11
Germany,237
South-America,103
Spain,75
Netherlands,32
Scandinavia,158
Philippines,43
Indonesia,12
East-African,11
American,40150
Vietnam,30
Thailand,125
Switzerland,20
West-African,13
North-African,60
Pakistan,19
Portugal,50
Mexico,1754
Lebanon,31
Malaysia,18
Austria,21
Japan,85
Vietnamese,65
Indian,274
Spanish_Portuguese,291
Jewish,320
French,996
Central_SouthAmerican,241
Cajun_Creole,146
Thai,164
Scandinavian,92
Greek,225
African,115
MiddleEastern,248
EasternEuropean_Russian,146
Italian,1715
Irish,86
Mexican,622
Chinese,226
German,52
Mediterranean,289
Japanese,136
Moroccan,137
Southern_SoulFood,346
English_Scottish,204
Asian,1176
Southwestern,108
chinese,86
mexico,14
japanese,99
east_asian,951
asian,17
western,450
korean,767
italian,74
