ahn_name,compound_count,recipe_count,reason
magnolia_tripetala,1,0,Under min_compounds threshold (1 < 10)
calyptranthes_parriculata,1,0,Under min_compounds threshold (1 < 10)
chamaecyparis_pisifera_oil,1,0,Under min_compounds threshold (1 < 10)
mimusops_elengi_flower,1,0,Under min_compounds threshold (1 < 10)
hyssop,2,0,Under min_compounds threshold (2 < 10)
buchu,21,0,Not found in any recipe
eryngium_poterium_oil,1,0,Under min_compounds threshold (1 < 10)
artemisia_verlo,1,0,Under min_compounds threshold (1 < 10)
agastache_rugosa,1,0,Under min_compounds threshold (1 < 10)
satureia_thymera,1,0,Under min_compounds threshold (1 < 10)
petitgrain,10,0,Not found in any recipe
orris_root,1,0,Under min_compounds threshold (1 < 10)
black_mustard_seed_oil,1,30,Under min_compounds threshold (1 < 10)
celery_oil,1,1008,Under min_compounds threshold (1 < 10)
almond,9,2329,Under min_compounds threshold (9 < 10)
lavender,39,62,Floral / non-nutritive decorative
black_chokecherry,59,0,Not found in any recipe
abies_canadensis,1,0,Under min_compounds threshold (1 < 10)
petitgrain_lemon,4,0,Under min_compounds threshold (4 < 10)
keta_salmon,85,0,Not found in any recipe
jasmine_tea,172,2,Floral / non-nutritive decorative
grapefruit_peel,9,0,Under min_compounds threshold (9 < 10)
acacia_flower_oil,1,0,Under min_compounds threshold (1 < 10)
nezara_viridula,1,0,Under min_compounds threshold (1 < 10)
lemon_tree,1,0,Under min_compounds threshold (1 < 10)
filbert,51,0,Not found in any recipe
yellow_passion_fruit_juice,9,0,Under min_compounds threshold (9 < 10)
jasmine,18,8,Floral / non-nutritive decorative
congo_geranium,1,0,Under min_compounds threshold (1 < 10)
maple_syrup,3,478,Under min_compounds threshold (3 < 10)
vervain_leaf,1,0,Under min_compounds threshold (1 < 10)
smoke,5,463,Under min_compounds threshold (5 < 10)
toasted_oat,39,0,Not found in any recipe
reunion_geranium,11,0,Not found in any recipe
kabosu_peel_oil,1,0,Under min_compounds threshold (1 < 10)
wintergreen_leaf,2,0,Under min_compounds threshold (2 < 10)
eucalyptus_hemilampra,1,0,Under min_compounds threshold (1 < 10)
jammus_citronella_oil,1,0,Under min_compounds threshold (1 < 10)
spike,3,0,Under min_compounds threshold (3 < 10)
musk,1,0,Under min_compounds threshold (1 < 10)
callitris_glauca,1,0,Under min_compounds threshold (1 < 10)
red_currant,54,0,Not found in any recipe
myrrh,4,0,Under min_compounds threshold (4 < 10)
cicuta_virosa_oil,1,0,Under min_compounds threshold (1 < 10)
purple_passion_fruit_juice,1,0,Under min_compounds threshold (1 < 10)
caja_fruit,12,0,Not found in any recipe
juniper_leaf_oil,1,0,Under min_compounds threshold (1 < 10)
madagascar_cinnamon_leaf_oil,1,0,Under min_compounds threshold (1 < 10)
wort,59,0,Not found in any recipe
celery_seed,8,0,Under min_compounds threshold (8 < 10)
pinus_sylvestris,2,0,Under min_compounds threshold (2 < 10)
chayote,1,27,Under min_compounds threshold (1 < 10)
beet_juice,1,0,Under min_compounds threshold (1 < 10)
dolphin,1,0,Under min_compounds threshold (1 < 10)
agarwood,1,0,Under min_compounds threshold (1 < 10)
litsea_odorifera,2,0,Under min_compounds threshold (2 < 10)
mentha_crispa,1,0,Under min_compounds threshold (1 < 10)
american_peppermint_oil,3,0,Under min_compounds threshold (3 < 10)
bulgarian_clary_sage,2,0,Under min_compounds threshold (2 < 10)
solidago_odora,1,0,Under min_compounds threshold (1 < 10)
paraguay_petitgrain,2,0,Under min_compounds threshold (2 < 10)
smoked_summer_sausage,45,0,Not found in any recipe
myrocarpus_fastigiatus,2,0,Under min_compounds threshold (2 < 10)
eucalyptus_dives,3,0,Under min_compounds threshold (3 < 10)
picea_orientalis,1,0,Under min_compounds threshold (1 < 10)
tulip,6,0,Under min_compounds threshold (6 < 10)
ligusticum_acutilobum_oil,1,0,Under min_compounds threshold (1 < 10)
nutmeg_oil,1,0,Under min_compounds threshold (1 < 10)
tahiti_vanilla,5,0,Under min_compounds threshold (5 < 10)
matricaria_parthenium_oil,1,0,Under min_compounds threshold (1 < 10)
valencia_orange_juice,2,0,Under min_compounds threshold (2 < 10)
wine,128,1026,Alcoholic beverage / solvent
piper_famechoni,1,0,Under min_compounds threshold (1 < 10)
carphephorus_corymbosus_leaf,1,0,Under min_compounds threshold (1 < 10)
tsuga_canadensis_oil,1,0,Under min_compounds threshold (1 < 10)
fagara_zanthoxyloides_oil,1,0,Under min_compounds threshold (1 < 10)
petitgrain_lemon_oil,2,0,Under min_compounds threshold (2 < 10)
guava_peel,4,0,Under min_compounds threshold (4 < 10)
clary_sage,38,0,Not found in any recipe
blackberry_juice,1,0,Under min_compounds threshold (1 < 10)
tomato_juice,2,176,Under min_compounds threshold (2 < 10)
american_storax,2,0,Under min_compounds threshold (2 < 10)
savory,1,128,Under min_compounds threshold (1 < 10)
passiflora_edulis_juice,3,0,Under min_compounds threshold (3 < 10)
trassi,30,0,Not found in any recipe
abies_concolor,1,0,Under min_compounds threshold (1 < 10)
castoreum,3,0,Under min_compounds threshold (3 < 10)
wild_vanilla,1,0,Under min_compounds threshold (1 < 10)
thuja_articulata_bark_oil,1,0,Under min_compounds threshold (1 < 10)
nemuaron_humboldtii_oil,1,0,Under min_compounds threshold (1 < 10)
robinia_pseudoacacia,3,0,Under min_compounds threshold (3 < 10)
satsuma_mandarin_peel,4,0,Under min_compounds threshold (4 < 10)
prawn,2,26,Under min_compounds threshold (2 < 10)
thujopsis_dolabrata,2,0,Under min_compounds threshold (2 < 10)
turnip,3,188,Under min_compounds threshold (3 < 10)
sweet_potato,8,531,Under min_compounds threshold (8 < 10)
ribes,1,0,Under min_compounds threshold (1 < 10)
mentha,3,0,Under min_compounds threshold (3 < 10)
california_pepper,37,0,Not found in any recipe
eucalyptus_citriodora,2,0,Under min_compounds threshold (2 < 10)
dried_black_tea,172,0,Not found in any recipe
melaleuca_oil,1,0,Under min_compounds threshold (1 < 10)
phellodendron_amurense,1,0,Under min_compounds threshold (1 < 10)
sesame_oil,3,1697,Under min_compounds threshold (3 < 10)
boronia_dentigeroides_oil,1,0,Under min_compounds threshold (1 < 10)
several_oil,1,0,Under min_compounds threshold (1 < 10)
saxifragaceae,1,0,Under min_compounds threshold (1 < 10)
bachang,1,0,Under min_compounds threshold (1 < 10)
smoked_pork,117,0,Not found in any recipe
luvunga_scadens_oil,1,0,Under min_compounds threshold (1 < 10)
salmon_caviar,1,0,Under min_compounds threshold (1 < 10)
field_mint_oil,1,0,Under min_compounds threshold (1 < 10)
winter_savory,2,0,Under min_compounds threshold (2 < 10)
birch,3,0,Under min_compounds threshold (3 < 10)
lettuce,7,1211,Under min_compounds threshold (7 < 10)
ceylon_tea,174,0,Not found in any recipe
yellow_mombin,1,0,Under min_compounds threshold (1 < 10)
cod_liver_oil,1,0,Under min_compounds threshold (1 < 10)
polyalthia_canangioides_flower,1,0,Under min_compounds threshold (1 < 10)
tilsit_cheese,128,0,Not found in any recipe
estragon,1,0,Under min_compounds threshold (1 < 10)
dwarf_quince,55,0,Not found in any recipe
cereal,1,204,Under min_compounds threshold (1 < 10)
orthodon_tenuicaule_oil,1,0,Under min_compounds threshold (1 < 10)
sauvignon_grape,126,0,Not found in any recipe
green_mate,4,0,Under min_compounds threshold (4 < 10)
pittosporum_glabratum,1,0,Under min_compounds threshold (1 < 10)
mentha_verticillata,1,0,Under min_compounds threshold (1 < 10)
trifolium_pratense_leaf_oil,1,0,Under min_compounds threshold (1 < 10)
honey_fungus,1,0,Under min_compounds threshold (1 < 10)
litsea_guatemalensis_oil,1,0,Under min_compounds threshold (1 < 10)
tonka_bean_seed,1,0,Under min_compounds threshold (1 < 10)
bulgarian_clary_sage_oil,1,0,Under min_compounds threshold (1 < 10)
cinnamomum,2,0,Under min_compounds threshold (2 < 10)
hogweed_oil,1,0,Under min_compounds threshold (1 < 10)
crepis_foetida_root,1,0,Under min_compounds threshold (1 < 10)
cymbopogon_javanensis,4,0,Under min_compounds threshold (4 < 10)
heracleum_candicans_oil,1,0,Under min_compounds threshold (1 < 10)
key_lime_leaf,2,0,Under min_compounds threshold (2 < 10)
sugarcane,2,0,Under min_compounds threshold (2 < 10)
english_peppermint_oil,1,0,Under min_compounds threshold (1 < 10)
anise_brandy,1,0,Under min_compounds threshold (1 < 10)
cupressus_macrocarpa_oil,1,0,Under min_compounds threshold (1 < 10)
ylangylang_oil,5,0,Under min_compounds threshold (5 < 10)
hernandia_peltata_oil,1,0,Under min_compounds threshold (1 < 10)
wood_oil,2,0,Under min_compounds threshold (2 < 10)
boronia_citriodora,1,0,Under min_compounds threshold (1 < 10)
eremocitrus_glauca,1,0,Under min_compounds threshold (1 < 10)
passion_fruit_juice,11,0,Not found in any recipe
piri_piri,2,0,Under min_compounds threshold (2 < 10)
nettle,2,0,Under min_compounds threshold (2 < 10)
scotch,15,0,Not found in any recipe
umbelliferae,1,0,Under min_compounds threshold (1 < 10)
armagnac,3,11,Under min_compounds threshold (3 < 10)
japanese_mint,51,0,Not found in any recipe
orange_flower_oil,1,0,Under min_compounds threshold (1 < 10)
tequila,1,142,Under min_compounds threshold (1 < 10)
seseli_sibiricum,1,0,Under min_compounds threshold (1 < 10)
radish_oil,1,0,Under min_compounds threshold (1 < 10)
chamomile,4,3,Under min_compounds threshold (4 < 10)
shellfish,1,27,Under min_compounds threshold (1 < 10)
milk_fat,4,962,Under min_compounds threshold (4 < 10)
echinacea,1,0,Under min_compounds threshold (1 < 10)
vanilla_oil,1,0,Under min_compounds threshold (1 < 10)
italian_orange_oil,1,0,Under min_compounds threshold (1 < 10)
asarum_canadense_root_oil,1,0,Under min_compounds threshold (1 < 10)
cypress_oil,3,0,Under min_compounds threshold (3 < 10)
wild_bergamot_oil,2,0,Under min_compounds threshold (2 < 10)
goat_milk,14,0,Not found in any recipe
raw_pork,118,0,Not found in any recipe
bay,1,1486,Under min_compounds threshold (1 < 10)
whitefish,65,0,Not found in any recipe
curcuma_aeruginosa,1,0,Under min_compounds threshold (1 < 10)
artemisia_transiliensis,2,0,Under min_compounds threshold (2 < 10)
grape_juice,1,825,Under min_compounds threshold (1 < 10)
florida_orange_juice,3,0,Under min_compounds threshold (3 < 10)
nut,8,1259,Under min_compounds threshold (8 < 10)
myrtus_communis,1,0,Under min_compounds threshold (1 < 10)
eucalyptus_cinereea,2,0,Under min_compounds threshold (2 < 10)
schizandra_oil,1,0,Under min_compounds threshold (1 < 10)
pandanus_odoratissimus,4,0,Under min_compounds threshold (4 < 10)
michelia,1,0,Under min_compounds threshold (1 < 10)
tea_oil,4,0,Under min_compounds threshold (4 < 10)
bitter_orange_flower_oil,1,0,Under min_compounds threshold (1 < 10)
artemisia_santolinifolia,2,0,Under min_compounds threshold (2 < 10)
california_orange,127,0,Not found in any recipe
orange_tree,1,0,Under min_compounds threshold (1 < 10)
raspberry_juice,1,0,Under min_compounds threshold (1 < 10)
barosma_betulina,1,0,Under min_compounds threshold (1 < 10)
clove_pink,2,0,Under min_compounds threshold (2 < 10)
boronia_anemonifolia,1,0,Under min_compounds threshold (1 < 10)
rosa_centifolia,2,0,Under min_compounds threshold (2 < 10)
calamus,35,0,Not found in any recipe
lime_juice,2,1622,Under min_compounds threshold (2 < 10)
petasites_fragrans,1,0,Under min_compounds threshold (1 < 10)
kaschmis_citronella_oil,1,0,Under min_compounds threshold (1 < 10)
eucalyptus_dives_oil,1,0,Under min_compounds threshold (1 < 10)
litsea_odorifera_leaf_oil,1,0,Under min_compounds threshold (1 < 10)
bitter_fennel,2,0,Under min_compounds threshold (2 < 10)
helichrysum_angustifolium,1,0,Under min_compounds threshold (1 < 10)
fermented_tea,183,0,Not found in any recipe
beet,3,233,Under min_compounds threshold (3 < 10)
chrysocoris_stolli,1,0,Under min_compounds threshold (1 < 10)
bitter_orange_juice,1,0,Under min_compounds threshold (1 < 10)
violet_leaf,6,0,Under min_compounds threshold (6 < 10)
sweetfish,65,0,Not found in any recipe
myrrh_oil,2,0,Under min_compounds threshold (2 < 10)
lemongrass_oil,4,0,Under min_compounds threshold (4 < 10)
boronia_ledifolia_oil,1,0,Under min_compounds threshold (1 < 10)
leptospermum_citratum,1,0,Under min_compounds threshold (1 < 10)
petitgrain_lime,2,0,Under min_compounds threshold (2 < 10)
rosa_bourboniana_oil,1,0,Under min_compounds threshold (1 < 10)
chervil,5,52,Under min_compounds threshold (5 < 10)
eriostemon_coxii_leaf_oil,1,0,Under min_compounds threshold (1 < 10)
larch_tree,1,0,Under min_compounds threshold (1 < 10)
barosma_pulchella_leaf_oil,1,0,Under min_compounds threshold (1 < 10)
litsea_guatemalensis,2,0,Under min_compounds threshold (2 < 10)
tunisian_rosemary,1,0,Under min_compounds threshold (1 < 10)
artemisia_camphorata,1,0,Under min_compounds threshold (1 < 10)
pine_turpentine,1,0,Under min_compounds threshold (1 < 10)
achillea_micrantha_oil,1,0,Under min_compounds threshold (1 < 10)
rose_oil,2,0,Under min_compounds threshold (2 < 10)
acacia_farnesiana_oil,1,0,Under min_compounds threshold (1 < 10)
xanthorrhoea_hostilis,1,0,Under min_compounds threshold (1 < 10)
manila_copal,1,0,Under min_compounds threshold (1 < 10)
carnation,7,3,Under min_compounds threshold (7 < 10)
vegetable,5,1705,Under min_compounds threshold (5 < 10)
calabash_nutmeg,8,0,Under min_compounds threshold (8 < 10)
chamaecyparis_pisifera,2,0,Under min_compounds threshold (2 < 10)
sheep_milk,13,0,Not found in any recipe
litsea_zeylanica_oil,2,0,Under min_compounds threshold (2 < 10)
carpinus_betulus,1,0,Under min_compounds threshold (1 < 10)
russian_star_anise,1,0,Under min_compounds threshold (1 < 10)
rabbiteye_blueberry,56,0,Not found in any recipe
rutaceae,2,0,Under min_compounds threshold (2 < 10)
narcissus_oil,3,0,Under min_compounds threshold (3 < 10)
cherry_juice,1,0,Under min_compounds threshold (1 < 10)
hyacinth_oil,6,0,Under min_compounds threshold (6 < 10)
irish_whiskey,1,0,Under min_compounds threshold (1 < 10)
chrysanthemum_japonicum,1,0,Under min_compounds threshold (1 < 10)
kale,3,100,Under min_compounds threshold (3 < 10)
lily_oil,2,0,Under min_compounds threshold (2 < 10)
malabar_lemongrass_oil,1,0,Under min_compounds threshold (1 < 10)
calytrix_tetragona_oil,1,0,Under min_compounds threshold (1 < 10)
achillea_ageratum,3,0,Under min_compounds threshold (3 < 10)
satsuma_mandarin_peel_oil,3,0,Under min_compounds threshold (3 < 10)
yellow_passion_fruit,41,0,Not found in any recipe
pandanus_odoratissimus_oil,2,0,Under min_compounds threshold (2 < 10)
strawberry_oil,1,0,Under min_compounds threshold (1 < 10)
cognac,184,67,Alcoholic beverage / solvent
rubus_arcticus,16,0,Not found in any recipe
galanga,5,51,Under min_compounds threshold (5 < 10)
roasted_mate,45,0,Not found in any recipe
guineafowl,48,0,Not found in any recipe
honduras_balsam,1,0,Under min_compounds threshold (1 < 10)
boiled_crab,32,0,Not found in any recipe
soursop,24,0,Not found in any recipe
finocchoi_fennel_oil,1,0,Under min_compounds threshold (1 < 10)
fried_chicken,133,0,Not found in any recipe
fermented_russian_black_tea,171,0,Not found in any recipe
cassis_juice,1,0,Under min_compounds threshold (1 < 10)
orchid,6,0,Under min_compounds threshold (6 < 10)
eucalyptus_diversicolor_oil,1,0,Under min_compounds threshold (1 < 10)
bergamot_oil,7,0,Under min_compounds threshold (7 < 10)
juniperus_phoenicea_oil,1,0,Under min_compounds threshold (1 < 10)
phebalium_nudum_root_oil,1,0,Under min_compounds threshold (1 < 10)
taiwan_citronella,2,0,Under min_compounds threshold (2 < 10)
benzoin,2,0,Under min_compounds threshold (2 < 10)
boldo,1,0,Under min_compounds threshold (1 < 10)
teucrium_chamaedrys,2,0,Under min_compounds threshold (2 < 10)
seed_oil,3,0,Under min_compounds threshold (3 < 10)
octopus,1,45,Under min_compounds threshold (1 < 10)
storax,1,0,Under min_compounds threshold (1 < 10)
ruta_chalepensis_oil,1,0,Under min_compounds threshold (1 < 10)
passiflora_mollissima,1,0,Under min_compounds threshold (1 < 10)
mastic_gum_oil,14,0,Not found in any recipe
copaiba,1,0,Under min_compounds threshold (1 < 10)
summer_savory,1,0,Under min_compounds threshold (1 < 10)
fagroea_racemosa_flower,1,0,Under min_compounds threshold (1 < 10)
blenheim_apricot,10,0,Not found in any recipe
gin,10,68,Alcoholic beverage / solvent
ceriman,1,0,Under min_compounds threshold (1 < 10)
hop_oil,97,0,Not found in any recipe
mate_leaf,1,0,Under min_compounds threshold (1 < 10)
lovage_root,10,0,Not found in any recipe
turpentine,1,0,Under min_compounds threshold (1 < 10)
beech,2,1,Under min_compounds threshold (2 < 10)
agastache_formosana,1,0,Under min_compounds threshold (1 < 10)
temple_orange_juice,1,0,Under min_compounds threshold (1 < 10)
grilled_beef,217,0,Not found in any recipe
whiskey,106,149,Alcoholic beverage / solvent
erica_arborea_oil,1,0,Under min_compounds threshold (1 < 10)
melilotus_officinalis,1,0,Under min_compounds threshold (1 < 10)
elettaria_caradmomum_oil,1,0,Under min_compounds threshold (1 < 10)
cupressaceae_oil,2,0,Under min_compounds threshold (2 < 10)
black_seabream,65,0,Not found in any recipe
brazilian_sassafras_oil,2,0,Under min_compounds threshold (2 < 10)
mexican_linaloe,2,0,Under min_compounds threshold (2 < 10)
cacao,1,35,Under min_compounds threshold (1 < 10)
capsicum_annuum,38,0,Not found in any recipe
acacia,7,0,Under min_compounds threshold (7 < 10)
starfruit,106,0,Not found in any recipe
red_meat,45,0,Not found in any recipe
toasted_sesame_seed,20,0,Not found in any recipe
spearmint_oil,39,0,Not found in any recipe
mastic_gum_leaf_oil,24,0,Not found in any recipe
monarda_fisulosa,1,0,Under min_compounds threshold (1 < 10)
fried_pork,118,0,Not found in any recipe
acacia_caven,2,0,Under min_compounds threshold (2 < 10)
caraway,7,233,Under min_compounds threshold (7 < 10)
mimosa_oil,2,0,Under min_compounds threshold (2 < 10)
cherry_brandy,2,34,Under min_compounds threshold (2 < 10)
artemisia_arborescens,1,0,Under min_compounds threshold (1 < 10)
galbanum_oil,3,0,Under min_compounds threshold (3 < 10)
eucalyptus_oil,15,0,Not found in any recipe
lemon_juice,3,5099,Under min_compounds threshold (3 < 10)
sunflower_oil,1,8,Under min_compounds threshold (1 < 10)
buchu_leaf_oil,2,0,Under min_compounds threshold (2 < 10)
brazil_nut,13,0,Not found in any recipe
garlic_mustard,1,0,Under min_compounds threshold (1 < 10)
anise_seed,2,87,Under min_compounds threshold (2 < 10)
american_peppermint,4,0,Under min_compounds threshold (4 < 10)
purple_passion_fruit,7,0,Under min_compounds threshold (7 < 10)
jasmine_oil,2,0,Under min_compounds threshold (2 < 10)
citronella_oil,1,0,Under min_compounds threshold (1 < 10)
violet_flower_oil,2,0,Under min_compounds threshold (2 < 10)
boldea_fragrans,1,0,Under min_compounds threshold (1 < 10)
yeast,3,3402,Under min_compounds threshold (3 < 10)
grape_brandy,9,8,Under min_compounds threshold (9 < 10)
laminaria_japonica,1,0,Under min_compounds threshold (1 < 10)
ximenia_aegyptiaca,1,0,Under min_compounds threshold (1 < 10)
bitter_orange_peel_oil,5,0,Under min_compounds threshold (5 < 10)
mentha_citrata,1,0,Under min_compounds threshold (1 < 10)
loganberry,65,0,Not found in any recipe
thuja_occidentalis,2,0,Under min_compounds threshold (2 < 10)
mentha_viridis,1,0,Under min_compounds threshold (1 < 10)
wood_vinegar,1,0,Under min_compounds threshold (1 < 10)
oxidized_milk,2,0,Under min_compounds threshold (2 < 10)
angelica_oil,3,0,Under min_compounds threshold (3 < 10)
european_cranberry,104,0,Not found in any recipe
pomelo_peel,1,0,Under min_compounds threshold (1 < 10)
garlic_oil,2,0,Under min_compounds threshold (2 < 10)
spanish_origanum,3,0,Under min_compounds threshold (3 < 10)
boletus_scaber,1,0,Under min_compounds threshold (1 < 10)
artemisia_hausiliensis,1,0,Under min_compounds threshold (1 < 10)
palm_oil,2,0,Under min_compounds threshold (2 < 10)
corn_flake,4,225,Under min_compounds threshold (4 < 10)
dried_spinach,1,0,Under min_compounds threshold (1 < 10)
vachellia_farnesiana,6,0,Under min_compounds threshold (6 < 10)
perovski_abrotanoides_oil,1,0,Under min_compounds threshold (1 < 10)
highbush_blueberry,3,0,Under min_compounds threshold (3 < 10)
barosma_pulchella_oil,1,0,Under min_compounds threshold (1 < 10)
niaouli_oil,2,0,Under min_compounds threshold (2 < 10)
root,1,101,Under min_compounds threshold (1 < 10)
raw_pea,69,0,Not found in any recipe
monodora_grandiflora,1,0,Under min_compounds threshold (1 < 10)
carob,1,7,Under min_compounds threshold (1 < 10)
passion_fruit_wine,2,0,Under min_compounds threshold (2 < 10)
lemon_peel_oil,24,0,Not found in any recipe
seseli_tortuosum,1,0,Under min_compounds threshold (1 < 10)
lemon_oil,4,0,Under min_compounds threshold (4 < 10)
iberis_sempervirens_seed,1,0,Under min_compounds threshold (1 < 10)
citrus_leaf_oil,1,0,Under min_compounds threshold (1 < 10)
pinus_densiflora,1,0,Under min_compounds threshold (1 < 10)
vetiver_oil,1,0,Under min_compounds threshold (1 < 10)
raw_chicken,131,0,Not found in any recipe
japanese_calamus,1,0,Under min_compounds threshold (1 < 10)
patchouli_oil,2,0,Under min_compounds threshold (2 < 10)
raw_bean,87,0,Not found in any recipe
sake,29,681,Alcoholic beverage / solvent
citrus_peel_oil,51,0,Not found in any recipe
elsholtzia_ciliata,2,0,Under min_compounds threshold (2 < 10)
bael,3,0,Under min_compounds threshold (3 < 10)
botrytized_wine,133,0,Not found in any recipe
lavender_delphinensis,1,0,Under min_compounds threshold (1 < 10)
sassafras_root_oil,1,0,Under min_compounds threshold (1 < 10)
angelica_root_oil,12,0,Not found in any recipe
kola_tea,172,0,Not found in any recipe
corn_oil,46,0,Not found in any recipe
cumin_oil,1,0,Under min_compounds threshold (1 < 10)
butterfat,11,0,Not found in any recipe
sumatra_benzoin,3,0,Under min_compounds threshold (3 < 10)
pinus_sabiniana_terpentine,1,0,Under min_compounds threshold (1 < 10)
apple_sauce,1,0,Under min_compounds threshold (1 < 10)
roasted_macadamia_nut,20,0,Not found in any recipe
thlaspi_arvense_oil,1,0,Under min_compounds threshold (1 < 10)
eucalyptus_maideni,1,0,Under min_compounds threshold (1 < 10)
raspberry_oil,2,0,Under min_compounds threshold (2 < 10)
raw_asparagus,7,0,Under min_compounds threshold (7 < 10)
turkmenistan_sunguli_oil,1,0,Under min_compounds threshold (1 < 10)
chrysanthemum_sincuse_flower,1,0,Under min_compounds threshold (1 < 10)
malabar_cardamom_oil,1,0,Under min_compounds threshold (1 < 10)
gelatin,1,1418,Under min_compounds threshold (1 < 10)
crisp_bread,68,0,Not found in any recipe
date,2,378,Under min_compounds threshold (2 < 10)
limburger_cheese,128,0,Not found in any recipe
solanaceae,1,0,Under min_compounds threshold (1 < 10)
cape_gooseberry,85,0,Not found in any recipe
lindera_citriodora,1,0,Under min_compounds threshold (1 < 10)
pinus_excelsa,1,0,Under min_compounds threshold (1 < 10)
rafanus_sativus_root,1,0,Under min_compounds threshold (1 < 10)
american_sassafras_oil,1,0,Under min_compounds threshold (1 < 10)
chinese_star_anise_oil,3,0,Under min_compounds threshold (3 < 10)
boiled_chicken,123,0,Not found in any recipe
artemisia_scoparia,1,0,Under min_compounds threshold (1 < 10)
chickpea,1,406,Under min_compounds threshold (1 < 10)
dried_green_tea,172,0,Not found in any recipe
kumquat_peel_oil,29,0,Not found in any recipe
dacrydium_franklinii_oil,1,0,Under min_compounds threshold (1 < 10)
artemisia_maritime_oil,1,0,Under min_compounds threshold (1 < 10)
artemisia_frigida,3,0,Under min_compounds threshold (3 < 10)
italian_lime,63,0,Not found in any recipe
pittosporum_flower,1,0,Under min_compounds threshold (1 < 10)
orange_peel_oil,26,0,Not found in any recipe
thymus,23,0,Not found in any recipe
bantu_beer,230,0,Not found in any recipe
melilotus_albus_leaf,1,0,Under min_compounds threshold (1 < 10)
ceanothus_velutinus_leaf,1,0,Under min_compounds threshold (1 < 10)
asian_storax,1,0,Under min_compounds threshold (1 < 10)
boldo_leaf,1,0,Under min_compounds threshold (1 < 10)
cinchona_officinalis,1,0,Under min_compounds threshold (1 < 10)
beef_broth,4,850,Under min_compounds threshold (4 < 10)
cistus_ladaniferus,2,0,Under min_compounds threshold (2 < 10)
myrtle,27,0,Not found in any recipe
rye_flour,4,131,Under min_compounds threshold (4 < 10)
leptospermum_liversidgei,1,0,Under min_compounds threshold (1 < 10)
orange_leaf_oil,1,0,Under min_compounds threshold (1 < 10)
french_lavender,42,0,Not found in any recipe
doryphora_sassafras_leaf_oil,1,0,Under min_compounds threshold (1 < 10)
aconitum_napellus,1,0,Under min_compounds threshold (1 < 10)
hybrid_passion_fruit_juice,2,0,Under min_compounds threshold (2 < 10)
carphephorus_paniculatus_leaf,1,0,Under min_compounds threshold (1 < 10)
lesquerella_seed,1,0,Under min_compounds threshold (1 < 10)
randia_formosa_flower,1,0,Under min_compounds threshold (1 < 10)
citronella_grass,1,0,Under min_compounds threshold (1 < 10)
quercus_olive,1,0,Under min_compounds threshold (1 < 10)
siam_benzoin,1,0,Under min_compounds threshold (1 < 10)
asarum_europaeum_root_oil,1,0,Under min_compounds threshold (1 < 10)
cassava,7,22,Under min_compounds threshold (7 < 10)
muscadine_grape,126,0,Not found in any recipe
valerian_oil,1,0,Under min_compounds threshold (1 < 10)
loiseleuria_procumbens,1,0,Under min_compounds threshold (1 < 10)
auricula_oil,1,0,Under min_compounds threshold (1 < 10)
valencia_orange_oil,1,0,Under min_compounds threshold (1 < 10)
citronella,7,0,Under min_compounds threshold (7 < 10)
black_chokeberry,55,0,Not found in any recipe
celery_root,1,0,Under min_compounds threshold (1 < 10)
senecio_kaempferi,1,0,Under min_compounds threshold (1 < 10)
while_thyme_oil,1,0,Under min_compounds threshold (1 < 10)
chestnut_honey,1,0,Under min_compounds threshold (1 < 10)
magnolia_salicifolia_oil,1,0,Under min_compounds threshold (1 < 10)
cane_molasses,3,7770,Under min_compounds threshold (3 < 10)
grape_vine,11,0,Not found in any recipe
violet,1,6,Under min_compounds threshold (1 < 10)
port_wine,141,49,Alcoholic beverage / solvent
fortunella_margarita,1,0,Under min_compounds threshold (1 < 10)
fermented_radish,2,0,Under min_compounds threshold (2 < 10)
blumea_malcomii_oil,1,0,Under min_compounds threshold (1 < 10)
berry_bud,1,0,Under min_compounds threshold (1 < 10)
eucalyptus_citriodora_oil,1,0,Under min_compounds threshold (1 < 10)
penang_benzoin,1,0,Under min_compounds threshold (1 < 10)
shoro,1,0,Under min_compounds threshold (1 < 10)
california_orange_peel,29,0,Not found in any recipe
cinnamomum_cassia_oil,1,0,Under min_compounds threshold (1 < 10)
palmarosa_oil,3,0,Under min_compounds threshold (3 < 10)
wild_berry,53,0,Not found in any recipe
tea_tree_oil,2,0,Under min_compounds threshold (2 < 10)
myrtaceae_oil,1,0,Under min_compounds threshold (1 < 10)
petitgrain_lime_oil,1,0,Under min_compounds threshold (1 < 10)
artemisia_juncea,1,0,Under min_compounds threshold (1 < 10)
achasma_walang,1,0,Under min_compounds threshold (1 < 10)
chinese_star_anise,13,0,Not found in any recipe
uncured_boiled_pork,117,0,Not found in any recipe
polysiphonia_fastigiata,1,0,Under min_compounds threshold (1 < 10)
red_sage,5,0,Under min_compounds threshold (5 < 10)
boiled_meat,45,0,Not found in any recipe
arrack,4,0,Under min_compounds threshold (4 < 10)
mantis_shrimp,73,0,Not found in any recipe
levisticum_acutilobum,1,0,Under min_compounds threshold (1 < 10)
fermented_tea_leaf_oil,1,0,Under min_compounds threshold (1 < 10)
spearmint_scotch_oil,1,0,Under min_compounds threshold (1 < 10)
wild_strawberry,58,0,Not found in any recipe
uncured_smoked_pork,118,0,Not found in any recipe
backhousia_citriodora,2,0,Under min_compounds threshold (2 < 10)
hinoki_oil,1,0,Under min_compounds threshold (1 < 10)
chinese_cinnamon,2,0,Under min_compounds threshold (2 < 10)
seal,45,0,Not found in any recipe
artemisia_tridentata,1,0,Under min_compounds threshold (1 < 10)
petrosimonia_monandra,1,0,Under min_compounds threshold (1 < 10)
leaf_oil,1,0,Under min_compounds threshold (1 < 10)
winter_melon,1,0,Under min_compounds threshold (1 < 10)
caucus,6,0,Under min_compounds threshold (6 < 10)
labdanum,2,0,Under min_compounds threshold (2 < 10)
cantaloupe,108,0,Not found in any recipe
japanese_peppermint,81,0,Not found in any recipe
oak_leaf,1,0,Under min_compounds threshold (1 < 10)
brassica,2,116,Under min_compounds threshold (2 < 10)
finnish_whiskey,7,0,Under min_compounds threshold (7 < 10)
alpinia_malaccensis,2,0,Under min_compounds threshold (2 < 10)
elderberry_juice,5,0,Under min_compounds threshold (5 < 10)
auto_oxidized_salmon_oil,1,0,Under min_compounds threshold (1 < 10)
domiati_cheese,128,0,Not found in any recipe
mexican_lime,66,0,Not found in any recipe
comte_cheese,139,0,Not found in any recipe
raw_lean_fish,74,0,Not found in any recipe
mentha_silvestris_oil,1,0,Under min_compounds threshold (1 < 10)
ceylon_tea_cinnamon_leaf,1,0,Under min_compounds threshold (1 < 10)
sudachi,1,0,Under min_compounds threshold (1 < 10)
cinnamon_leaf_oil,2,0,Under min_compounds threshold (2 < 10)
ceylon_citronella_oil,2,0,Under min_compounds threshold (2 < 10)
navy_bean,86,0,Not found in any recipe
zanthoxylum_piperitum,1,0,Under min_compounds threshold (1 < 10)
spermaceti_oil,1,0,Under min_compounds threshold (1 < 10)
malagueta_pepper,38,0,Not found in any recipe
red_wine,165,1399,Alcoholic beverage / solvent
squash,1,573,Under min_compounds threshold (1 < 10)
thymus_zygis,2,0,Under min_compounds threshold (2 < 10)
indian_hemp,1,0,Under min_compounds threshold (1 < 10)
jamaican_rum,178,1,Alcoholic beverage / solvent
mashed_potato,98,0,Not found in any recipe
boiled_beef,206,0,Not found in any recipe
green_tea_oil,2,0,Under min_compounds threshold (2 < 10)
rhus_cotinus_leaf,1,0,Under min_compounds threshold (1 < 10)
coriander_oil,2,0,Under min_compounds threshold (2 < 10)
ledum_palustre,1,0,Under min_compounds threshold (1 < 10)
magnolia_oil,1,0,Under min_compounds threshold (1 < 10)
cocoa_liquor,4,0,Under min_compounds threshold (4 < 10)
cryptomeria_japonica,1,0,Under min_compounds threshold (1 < 10)
calytrix_virgata,1,0,Under min_compounds threshold (1 < 10)
zanthoxylum_rhetsa_oil,1,0,Under min_compounds threshold (1 < 10)
macaroni,4,3117,Under min_compounds threshold (4 < 10)
sapodilla,3,0,Under min_compounds threshold (3 < 10)
tangerine_oil,1,0,Under min_compounds threshold (1 < 10)
cocoa_leaf,2,0,Under min_compounds threshold (2 < 10)
fruit,9,481,Under min_compounds threshold (9 < 10)
hogweed,4,0,Under min_compounds threshold (4 < 10)
babaco,18,0,Not found in any recipe
salmon_roe,1,15,Under min_compounds threshold (1 < 10)
eryngium_poterium,1,0,Under min_compounds threshold (1 < 10)
rhodotorula_glutinis,1,0,Under min_compounds threshold (1 < 10)
choke_cherry,10,0,Not found in any recipe
waste_wort,1,0,Under min_compounds threshold (1 < 10)
boswellia_serrata_oil,1,0,Under min_compounds threshold (1 < 10)
piper_officinarum,2,0,Under min_compounds threshold (2 < 10)
nectandra_elaiophora,2,0,Under min_compounds threshold (2 < 10)
bitter_orange_leaf,1,0,Under min_compounds threshold (1 < 10)
wild_grape,1,0,Under min_compounds threshold (1 < 10)
crimean_white_grape_oil,1,0,Under min_compounds threshold (1 < 10)
prunus,10,0,Not found in any recipe
rose,15,63,Floral / non-nutritive decorative
anise_hyssop,9,0,Under min_compounds threshold (9 < 10)
monarda_citriodora_oil,1,0,Under min_compounds threshold (1 < 10)
grapefruit_oil,3,0,Under min_compounds threshold (3 < 10)
eucalyptus_amygdalina,2,0,Under min_compounds threshold (2 < 10)
melissa_oil,1,0,Under min_compounds threshold (1 < 10)
vitis,3,0,Under min_compounds threshold (3 < 10)
jonquil,5,0,Under min_compounds threshold (5 < 10)
houttuynia_cordata_oil,1,0,Under min_compounds threshold (1 < 10)
tobacco_leaf_oil,4,0,Under min_compounds threshold (4 < 10)
orthodon_linalooliferum,1,0,Under min_compounds threshold (1 < 10)
geranium_oil,7,0,Under min_compounds threshold (7 < 10)
morus_bombycis_oil,1,0,Under min_compounds threshold (1 < 10)
lobster,3,131,Under min_compounds threshold (3 < 10)
corn_mint,27,0,Not found in any recipe
sphaeranthus_indicus_oil,1,0,Under min_compounds threshold (1 < 10)
chicken_liver,5,52,Under min_compounds threshold (5 < 10)
origanum,12,0,Not found in any recipe
scotch_spearmint_oil,32,0,Not found in any recipe
marula,1,0,Under min_compounds threshold (1 < 10)
mastic_gum_fruit_oil,13,0,Not found in any recipe
graminaceae,1,0,Under min_compounds threshold (1 < 10)
brazil_peppermint_oil,2,0,Under min_compounds threshold (2 < 10)
zingiberaceae,2,0,Under min_compounds threshold (2 < 10)
roasted_chicory_root,13,0,Not found in any recipe
cayenne_rosewood,1,0,Under min_compounds threshold (1 < 10)
brazil_rosewood,9,0,Under min_compounds threshold (9 < 10)
smoked_herring,67,0,Not found in any recipe
pistachio,9,222,Under min_compounds threshold (9 < 10)
wild_rice,11,0,Not found in any recipe
sea_buckthorn,15,0,Not found in any recipe
lavender_oil,13,0,Not found in any recipe
orange_leaf,2,0,Under min_compounds threshold (2 < 10)
phellodendron_japonicum,1,0,Under min_compounds threshold (1 < 10)
orange_oil,3,0,Under min_compounds threshold (3 < 10)
yam,1,86,Under min_compounds threshold (1 < 10)
melaleuca_smithii,1,0,Under min_compounds threshold (1 < 10)
american_potato_chip,3,0,Under min_compounds threshold (3 < 10)
mandarin_leaf_oil,1,0,Under min_compounds threshold (1 < 10)
java_citronella,10,0,Not found in any recipe
clary_sage_bush,1,0,Under min_compounds threshold (1 < 10)
star_anise_oil,2,0,Under min_compounds threshold (2 < 10)
spanish_origanum_oil,1,0,Under min_compounds threshold (1 < 10)
raw_lamb,66,0,Not found in any recipe
rice_bran,19,0,Not found in any recipe
elsholtzia_argyi,1,0,Under min_compounds threshold (1 < 10)
elder_flower,10,0,Not found in any recipe
palmarosa,6,0,Under min_compounds threshold (6 < 10)
sherry_wine,1,0,Under min_compounds threshold (1 < 10)
mandarin_peel_oil,13,0,Not found in any recipe
angelica,4,1,Under min_compounds threshold (4 < 10)
basil_oil,1,0,Under min_compounds threshold (1 < 10)
pinus_jeffreyi_terpentine,1,0,Under min_compounds threshold (1 < 10)
verbena_oil,1,0,Under min_compounds threshold (1 < 10)
monarda_punctata,4,0,Under min_compounds threshold (4 < 10)
orris,9,0,Under min_compounds threshold (9 < 10)
clary_sage_oil,5,0,Under min_compounds threshold (5 < 10)
larix,1,0,Under min_compounds threshold (1 < 10)
wax_jambu,1,0,Under min_compounds threshold (1 < 10)
dill_seed,22,0,Not found in any recipe
brandy,24,399,Alcoholic beverage / solvent
butter_oil,2,0,Under min_compounds threshold (2 < 10)
monkey_orange,71,0,Not found in any recipe
oregano_oil,1,0,Under min_compounds threshold (1 < 10)
globefish,65,0,Not found in any recipe
roasted_turkey,56,0,Not found in any recipe
lemon_balm,38,0,Not found in any recipe
rosa_borbonica,1,0,Under min_compounds threshold (1 < 10)
cinnamomum_camphora,2,0,Under min_compounds threshold (2 < 10)
spanish_sage,7,0,Under min_compounds threshold (7 < 10)
cananga,2,0,Under min_compounds threshold (2 < 10)
parmesan,2,0,Under min_compounds threshold (2 < 10)
roman_chamomile,30,0,Not found in any recipe
ginger_oil,1,0,Under min_compounds threshold (1 < 10)
dairy,11,0,Not found in any recipe
pickled_ham,1,0,Under min_compounds threshold (1 < 10)
litsea_cubeba_fruit,1,0,Under min_compounds threshold (1 < 10)
gardenia_flower_oil,1,0,Under min_compounds threshold (1 < 10)
helichrysum_italicum,1,0,Under min_compounds threshold (1 < 10)
vitis_labrusca,9,0,Under min_compounds threshold (9 < 10)
apple_brandy,24,37,Alcoholic beverage / solvent
mexican_goosefoot,1,0,Under min_compounds threshold (1 < 10)
pickled_plum,1,0,Under min_compounds threshold (1 < 10)
dacrydium_colensoi,1,0,Under min_compounds threshold (1 < 10)
cinnamon_oil,2,0,Under min_compounds threshold (2 < 10)
snap_bean,88,0,Not found in any recipe
egg_noodle,4,319,Under min_compounds threshold (4 < 10)
michelia_champaca_oil,1,0,Under min_compounds threshold (1 < 10)
borosma_pulchellum,1,0,Under min_compounds threshold (1 < 10)
papaver_somniferum,1,0,Under min_compounds threshold (1 < 10)
bay_laurel_oil,1,0,Under min_compounds threshold (1 < 10)
lovage_leaf,2,0,Under min_compounds threshold (2 < 10)
wallflower,1,0,Under min_compounds threshold (1 < 10)
ethiopian_pepper,36,0,Not found in any recipe
plum_brandy,27,0,Not found in any recipe
phallus_impudicus,1,0,Under min_compounds threshold (1 < 10)
lavender_vera_oil,1,0,Under min_compounds threshold (1 < 10)
nigra_oil,1,0,Under min_compounds threshold (1 < 10)
bisabol_myrrh,1,0,Under min_compounds threshold (1 < 10)
japanese_seafood,1,0,Under min_compounds threshold (1 < 10)
pinus_jeffreyi,1,0,Under min_compounds threshold (1 < 10)
lantana_camara_oil,1,0,Under min_compounds threshold (1 < 10)
black_tea_oil,2,0,Under min_compounds threshold (2 < 10)
grapefruit_juice,45,0,Not found in any recipe
artemisia_cina,1,0,Under min_compounds threshold (1 < 10)
chamaecyparis_lawsoniana,1,0,Under min_compounds threshold (1 < 10)
dried_fig,42,0,Not found in any recipe
french_peppermint_oil,1,0,Under min_compounds threshold (1 < 10)
grapefruit_blossom,1,0,Under min_compounds threshold (1 < 10)
eucalyptus_microcorys_leaf_oil,1,0,Under min_compounds threshold (1 < 10)
datura_stramonium,1,0,Under min_compounds threshold (1 < 10)
neroli,14,0,Not found in any recipe
pinus_communis_oil,1,0,Under min_compounds threshold (1 < 10)
melaleuca_bracteata,1,0,Under min_compounds threshold (1 < 10)
mulberry_leaf,1,0,Under min_compounds threshold (1 < 10)
grape_syrup,1,0,Under min_compounds threshold (1 < 10)
lauraceae,1,0,Under min_compounds threshold (1 < 10)
heracleum_villosum_oil,1,0,Under min_compounds threshold (1 < 10)
dwarf_pine,1,0,Under min_compounds threshold (1 < 10)
dalbergia_sissoo,1,0,Under min_compounds threshold (1 < 10)
lingonberry_juice,1,0,Under min_compounds threshold (1 < 10)
fish_oil,25,0,Not found in any recipe
castoreum_oil,1,0,Under min_compounds threshold (1 < 10)
hevea_brasiliensis_flower,1,0,Under min_compounds threshold (1 < 10)
crownberry,53,0,Not found in any recipe
lean_fish,72,0,Not found in any recipe
ambrette_seed_oil,2,0,Under min_compounds threshold (2 < 10)
currant_leaf,1,0,Under min_compounds threshold (1 < 10)
prunus_laurocerasus,1,0,Under min_compounds threshold (1 < 10)
east_african_geranium,7,0,Under min_compounds threshold (7 < 10)
bitter_orange_oil,4,0,Under min_compounds threshold (4 < 10)
loquat,36,0,Not found in any recipe
agaricus,1,0,Under min_compounds threshold (1 < 10)
krill,18,0,Not found in any recipe
marjoram_oil,1,0,Under min_compounds threshold (1 < 10)
citrus_fruit_blossom,1,0,Under min_compounds threshold (1 < 10)
hinoki,11,0,Not found in any recipe
hedychium_spicatum,1,0,Under min_compounds threshold (1 < 10)
thea_chinensis_oil,1,0,Under min_compounds threshold (1 < 10)
eucalyptus_globulus_oil,2,0,Under min_compounds threshold (2 < 10)
copaiba_balsam,1,0,Under min_compounds threshold (1 < 10)
american_pennyroyal,1,0,Under min_compounds threshold (1 < 10)
ormenis_multicaulis,1,0,Under min_compounds threshold (1 < 10)
temoe_lawak,1,0,Under min_compounds threshold (1 < 10)
ledum_palustre_oil,1,0,Under min_compounds threshold (1 < 10)
juniperus_chinensis_oil,1,0,Under min_compounds threshold (1 < 10)
chamaecyparis_formosensis_root_oil,1,0,Under min_compounds threshold (1 < 10)
plant,7,0,Under min_compounds threshold (7 < 10)
zanthoxylum_piperitum_fruit_oil,1,0,Under min_compounds threshold (1 < 10)
larix_americana,1,0,Under min_compounds threshold (1 < 10)
caucas,7,0,Under min_compounds threshold (7 < 10)
eucalyptus_macarthuri_oil,1,0,Under min_compounds threshold (1 < 10)
mangosteen,13,0,Not found in any recipe
bulgarian_rose,10,0,Not found in any recipe
mentha_longifolia_oil,1,0,Under min_compounds threshold (1 < 10)
roasted_lamb,68,0,Not found in any recipe
hoary_basil_leaf_oil,1,0,Under min_compounds threshold (1 < 10)
phebalium_dentatum,1,0,Under min_compounds threshold (1 < 10)
laurel_leaf_oil,2,0,Under min_compounds threshold (2 < 10)
pinus_sylvestris_oil,1,0,Under min_compounds threshold (1 < 10)
siberian_pine_needle_oil,1,0,Under min_compounds threshold (1 < 10)
seychelles_tea,172,0,Not found in any recipe
curcuma_aromatica,1,0,Under min_compounds threshold (1 < 10)
corn_salad,21,0,Not found in any recipe
cajeput,7,0,Under min_compounds threshold (7 < 10)
south_african_mentha_longifolia,1,0,Under min_compounds threshold (1 < 10)
mutton_liver,9,0,Under min_compounds threshold (9 < 10)
burley_tobacco_oil,1,0,Under min_compounds threshold (1 < 10)
nobiru,5,0,Under min_compounds threshold (5 < 10)
tsuga_canadensis,2,0,Under min_compounds threshold (2 < 10)
orthodon_citraliferum,1,0,Under min_compounds threshold (1 < 10)
skim_milk,19,0,Not found in any recipe
wasabi,3,135,Under min_compounds threshold (3 < 10)
vitis_labrusca_juice,1,0,Under min_compounds threshold (1 < 10)
bulgarian_peppermint,1,0,Under min_compounds threshold (1 < 10)
muskmelon,109,0,Not found in any recipe
phebalium_dentatum_leaf,1,0,Under min_compounds threshold (1 < 10)
corn_tortilla,14,0,Not found in any recipe
vetiver,2,0,Under min_compounds threshold (2 < 10)
chicken_broth,1,3620,Under min_compounds threshold (1 < 10)
zanthoxylum_rhetsa,4,0,Under min_compounds threshold (4 < 10)
boronia_ledifolia_leaf,1,0,Under min_compounds threshold (1 < 10)
elsholtzia_ciliata_oil,1,0,Under min_compounds threshold (1 < 10)
ruta_pinnata_leaf_oil,1,0,Under min_compounds threshold (1 < 10)
apricot_kernel,1,0,Under min_compounds threshold (1 < 10)
flower,5,32,Under min_compounds threshold (5 < 10)
garcia_mangostana,1,0,Under min_compounds threshold (1 < 10)
carob_fruit,10,0,Not found in any recipe
roasted_nut,9,1,Under min_compounds threshold (9 < 10)
rhus_semialata,1,0,Under min_compounds threshold (1 < 10)
bilberry_wine,6,0,Under min_compounds threshold (6 < 10)
spike_oil,1,0,Under min_compounds threshold (1 < 10)
benzoin_resin,1,0,Under min_compounds threshold (1 < 10)
cockroach,1,0,Under min_compounds threshold (1 < 10)
eucalyptus_macarthurii,2,0,Under min_compounds threshold (2 < 10)
cherimoya,52,0,Not found in any recipe
tobacco_leaf,6,0,Under min_compounds threshold (6 < 10)
algae,1,0,Under min_compounds threshold (1 < 10)
petitgrain_bergamot,2,0,Under min_compounds threshold (2 < 10)
rice_husk,1,0,Under min_compounds threshold (1 < 10)
eucalyptus_polibrac_tea_oil,1,0,Under min_compounds threshold (1 < 10)
sweet_basil,1,0,Under min_compounds threshold (1 < 10)
cloudberry,73,0,Not found in any recipe
coffee_flower,1,0,Under min_compounds threshold (1 < 10)
fumaria_officinalis,1,0,Under min_compounds threshold (1 < 10)
russian_peppermint_oil,2,0,Under min_compounds threshold (2 < 10)
pennyroyal_oil,9,0,Under min_compounds threshold (9 < 10)
japanese_hop,1,0,Under min_compounds threshold (1 < 10)
narcissus,9,0,Under min_compounds threshold (9 < 10)
mountain_papaya,64,0,Not found in any recipe
juniperus_sabina,1,0,Under min_compounds threshold (1 < 10)
orange_flower,8,18,Under min_compounds threshold (8 < 10)
myrocarpus_frondosus,2,0,Under min_compounds threshold (2 < 10)
smoked_pork_belly,118,0,Not found in any recipe
scallion,3,4798,Under min_compounds threshold (3 < 10)
melaleuca_trichostachya_oil,1,0,Under min_compounds threshold (1 < 10)
wintergreen_oil,1,0,Under min_compounds threshold (1 < 10)
eucalyptus,20,0,Not found in any recipe
dried_parsley,23,0,Not found in any recipe
beechwood_tar,1,0,Under min_compounds threshold (1 < 10)
lavandin_oil,3,0,Under min_compounds threshold (3 < 10)
blackberry_brandy,1,4,Under min_compounds threshold (1 < 10)
trametes_graveolens,2,0,Under min_compounds threshold (2 < 10)
piper_chaba,1,0,Under min_compounds threshold (1 < 10)
onion_juice,2,0,Under min_compounds threshold (2 < 10)
artemisia_ferganensis,1,0,Under min_compounds threshold (1 < 10)
corn_grit,4,163,Under min_compounds threshold (4 < 10)
stirlingia_latifolia,1,0,Under min_compounds threshold (1 < 10)
lavandin,14,0,Not found in any recipe
sherry,165,707,Alcoholic beverage / solvent
roasted_green_tea,198,0,Not found in any recipe
scotch_whiskey,4,0,Under min_compounds threshold (4 < 10)
litsea_zeylanica,3,0,Under min_compounds threshold (3 < 10)
nepeta_japonica,1,0,Under min_compounds threshold (1 < 10)
cognac_oil,1,0,Under min_compounds threshold (1 < 10)
russian_champagne,1,0,Under min_compounds threshold (1 < 10)
cigarette,1,0,Under min_compounds threshold (1 < 10)
soybean_oil,4,2,Under min_compounds threshold (4 < 10)
raspberry_brandy,2,0,Under min_compounds threshold (2 < 10)
tuber,1,0,Under min_compounds threshold (1 < 10)
rancid_coconut_oil,1,0,Under min_compounds threshold (1 < 10)
brewed_tea,171,0,Not found in any recipe
roasted_onion,66,0,Not found in any recipe
cumin_fruit_oil,1,0,Under min_compounds threshold (1 < 10)
thuja_plicata,1,0,Under min_compounds threshold (1 < 10)
roselle,1,0,Under min_compounds threshold (1 < 10)
ceylon_cinnamon,6,0,Under min_compounds threshold (6 < 10)
japanese_star_anise,14,0,Not found in any recipe
backhousia_citriodora_oil,1,0,Under min_compounds threshold (1 < 10)
eucalyptus_goniocalyx,1,0,Under min_compounds threshold (1 < 10)
fried_beef,204,0,Not found in any recipe
oak_tar_oil,1,0,Under min_compounds threshold (1 < 10)
larix_deciduas,1,0,Under min_compounds threshold (1 < 10)
cupressus_lusitanica,1,0,Under min_compounds threshold (1 < 10)
japanese_whiskey,7,0,Under min_compounds threshold (7 < 10)
ashanti_pepper,37,0,Not found in any recipe
saigon_cinnamon,1,0,Under min_compounds threshold (1 < 10)
orthodon_methylisoeugenoliferum_oil,1,0,Under min_compounds threshold (1 < 10)
roasted_malt,90,0,Not found in any recipe
calytrix_tetragona,3,0,Under min_compounds threshold (3 < 10)
coprosma_foetidissima_leaf,1,0,Under min_compounds threshold (1 < 10)
lemon_eucalyptus,1,0,Under min_compounds threshold (1 < 10)
psilocaulon_absimile,1,0,Under min_compounds threshold (1 < 10)
kaempferia_ethel_bulb_oil,1,0,Under min_compounds threshold (1 < 10)
onion_oil,5,0,Under min_compounds threshold (5 < 10)
cloudberry_oil,1,0,Under min_compounds threshold (1 < 10)
polianthes_tuberosa_oil,1,0,Under min_compounds threshold (1 < 10)
mint_oil,32,0,Not found in any recipe
cymbopogon_citralis_oil,1,0,Under min_compounds threshold (1 < 10)
ambrette_seed,3,0,Under min_compounds threshold (3 < 10)
orthodon_methylisoeugenoliferum,1,0,Under min_compounds threshold (1 < 10)
american_cranberry,12,0,Not found in any recipe
chenopodium,1,0,Under min_compounds threshold (1 < 10)
sperm_whale_oil,1,0,Under min_compounds threshold (1 < 10)
citrus_oil,6,0,Under min_compounds threshold (6 < 10)
champaca,5,0,Under min_compounds threshold (5 < 10)
violet_flower,4,0,Under min_compounds threshold (4 < 10)
eucalyptus_citridora,1,0,Under min_compounds threshold (1 < 10)
ligusticum_acutilobum,2,0,Under min_compounds threshold (2 < 10)
pennyroyal,15,0,Not found in any recipe
bergamot_peel_oil,1,0,Under min_compounds threshold (1 < 10)
cubeb,1,0,Under min_compounds threshold (1 < 10)
east_indian_geranium,6,0,Under min_compounds threshold (6 < 10)
geraniaceae,1,0,Under min_compounds threshold (1 < 10)
asarum_arifolium_root_oil,1,0,Under min_compounds threshold (1 < 10)
silk_fibrooin,1,0,Under min_compounds threshold (1 < 10)
olive_oil,3,9923,Under min_compounds threshold (3 < 10)
kencur_oil,1,0,Under min_compounds threshold (1 < 10)
pear_brandy,11,11,Alcoholic beverage / solvent
picea_balsamea_oil,1,0,Under min_compounds threshold (1 < 10)
bulgarian_rose_oil,4,0,Under min_compounds threshold (4 < 10)
abies_sibirica,3,0,Under min_compounds threshold (3 < 10)
horseradish_oil,1,0,Under min_compounds threshold (1 < 10)
red_algae,2,2,Under min_compounds threshold (2 < 10)
palm_fruit,10,0,Not found in any recipe
vietnamese_black_tea,1,0,Under min_compounds threshold (1 < 10)
micromeria_abyssinica,1,0,Under min_compounds threshold (1 < 10)
fermented_shrimp,73,0,Not found in any recipe
burley_tobacco,5,0,Under min_compounds threshold (5 < 10)
liver,3,42,Under min_compounds threshold (3 < 10)
wild_bergamot,9,0,Under min_compounds threshold (9 < 10)
picea_canadensis,1,0,Under min_compounds threshold (1 < 10)
feronia_elephantum,1,0,Under min_compounds threshold (1 < 10)
petitgrain_bigarade,4,0,Under min_compounds threshold (4 < 10)
cabernet_sauvignon_grape,126,0,Not found in any recipe
capsicum,37,0,Not found in any recipe
carnation_oil,1,0,Under min_compounds threshold (1 < 10)
oriental_storax,2,0,Under min_compounds threshold (2 < 10)
citrus_limetta_oil,1,0,Under min_compounds threshold (1 < 10)
french_bean,87,0,Not found in any recipe
smoked_fatty_fish,89,0,Not found in any recipe
origanum_oil,2,0,Under min_compounds threshold (2 < 10)
scotch_spearmint,32,0,Not found in any recipe
populus_balsamifera,1,0,Under min_compounds threshold (1 < 10)
fruit_juice,2,0,Under min_compounds threshold (2 < 10)
mandarin_oil,2,0,Under min_compounds threshold (2 < 10)
ewe,45,0,Not found in any recipe
chicory,1,157,Under min_compounds threshold (1 < 10)
cayenne_bois_de_rose,2,0,Under min_compounds threshold (2 < 10)
california_laurel_oil,1,0,Under min_compounds threshold (1 < 10)
chinese_quince_peel,4,0,Under min_compounds threshold (4 < 10)
wood_tar,1,0,Under min_compounds threshold (1 < 10)
andropogon_gragrans,1,0,Under min_compounds threshold (1 < 10)
cabbage_juice,1,0,Under min_compounds threshold (1 < 10)
baeckea_citriodora,2,0,Under min_compounds threshold (2 < 10)
fried_cured_pork,119,0,Not found in any recipe
pimenta,1,2,Under min_compounds threshold (1 < 10)
almond_flower,6,0,Under min_compounds threshold (6 < 10)
sumac,1,14,Under min_compounds threshold (1 < 10)
mentha_aquatica,2,0,Under min_compounds threshold (2 < 10)
feces,1,0,Under min_compounds threshold (1 < 10)
oak_musk,3,0,Under min_compounds threshold (3 < 10)
crayfish,24,0,Not found in any recipe
sauvignon_blanc_grape,128,0,Not found in any recipe
unprocessed_rice,6,0,Under min_compounds threshold (6 < 10)
andropogon_jwarancusa,2,0,Under min_compounds threshold (2 < 10)
atropa_belladonna_leaf,1,0,Under min_compounds threshold (1 < 10)
barosma_crenulata,1,0,Under min_compounds threshold (1 < 10)
boiled_pork,116,0,Not found in any recipe
horseradish,2,396,Under min_compounds threshold (2 < 10)
roasted_shrimp,73,0,Not found in any recipe
holy_basil,3,3,Under min_compounds threshold (3 < 10)
chinese_quince,82,0,Not found in any recipe
asperula_odorosa,1,0,Under min_compounds threshold (1 < 10)
callitris_drummondii,1,0,Under min_compounds threshold (1 < 10)
peru_balsam,9,0,Under min_compounds threshold (9 < 10)
muscat_grape_juice,1,0,Under min_compounds threshold (1 < 10)
beet_root,9,0,Under min_compounds threshold (9 < 10)
thymus_caespeititius,1,0,Under min_compounds threshold (1 < 10)
jackfruit,24,0,Not found in any recipe
oxidized_skim_milk,1,0,Under min_compounds threshold (1 < 10)
cooked_apple,196,0,Not found in any recipe
german_chamomile_oil,9,0,Under min_compounds threshold (9 < 10)
ceylon_tea_citronella_oil,2,0,Under min_compounds threshold (2 < 10)
demon_red,2,0,Under min_compounds threshold (2 < 10)
annona_reticulata,1,0,Under min_compounds threshold (1 < 10)
caraway_seed,8,0,Under min_compounds threshold (8 < 10)
abies_balsamea_oil,1,0,Under min_compounds threshold (1 < 10)
zucchini,1,1107,Under min_compounds threshold (1 < 10)
pilchard,65,0,Not found in any recipe
horse_mackerel,65,0,Not found in any recipe
palm,4,47,Under min_compounds threshold (4 < 10)
salvia_grandifiora_oil,1,0,Under min_compounds threshold (1 < 10)
beef_tallow,1,0,Under min_compounds threshold (1 < 10)
lard,2,3062,Under min_compounds threshold (2 < 10)
ananas_sativus,2,0,Under min_compounds threshold (2 < 10)
rum,175,603,Alcoholic beverage / solvent
jaborandi_leaf_oil,1,0,Under min_compounds threshold (1 < 10)
rue,6,0,Under min_compounds threshold (6 < 10)
raw_peanut,98,0,Not found in any recipe
corn_mint_oil,23,0,Not found in any recipe
pelargonium,1,1,Under min_compounds threshold (1 < 10)
acacia_farnesiana,2,0,Under min_compounds threshold (2 < 10)
rhododendron_fauriae_leaf,1,0,Under min_compounds threshold (1 < 10)
imperatoria,1,0,Under min_compounds threshold (1 < 10)
chamomile_oil,3,0,Under min_compounds threshold (3 < 10)
israeli_orange,128,0,Not found in any recipe
pine_oil,2,0,Under min_compounds threshold (2 < 10)
japanese_peppermint_oil,3,0,Under min_compounds threshold (3 < 10)
thaumatococcus_daniellii,1,0,Under min_compounds threshold (1 < 10)
melilotus_officinalis_flower,1,0,Under min_compounds threshold (1 < 10)
french_fried_potato,123,0,Not found in any recipe
cinnamomum_oliveri_leaf,1,0,Under min_compounds threshold (1 < 10)
chinese_cabbage,3,166,Under min_compounds threshold (3 < 10)
pelargonium_tomentosum,1,0,Under min_compounds threshold (1 < 10)
atropa_belladonna_root,1,0,Under min_compounds threshold (1 < 10)
creosote,1,0,Under min_compounds threshold (1 < 10)
vegetable_oil,2,11189,Under min_compounds threshold (2 < 10)
beef_liver,5,10,Under min_compounds threshold (5 < 10)
banana_passion_fruit,10,0,Not found in any recipe
oat_groat,3,0,Under min_compounds threshold (3 < 10)
jonquil_oil,1,0,Under min_compounds threshold (1 < 10)
cassia_oil,3,0,Under min_compounds threshold (3 < 10)
sea_algae,2,4,Under min_compounds threshold (2 < 10)
pinus_avium_fruit,1,0,Under min_compounds threshold (1 < 10)
bay_laurel,4,0,Under min_compounds threshold (4 < 10)
rotundifolia,1,0,Under min_compounds threshold (1 < 10)
rose_wine,136,0,Not found in any recipe
cardamom_oil,1,0,Under min_compounds threshold (1 < 10)
sandalwood,11,0,Not found in any recipe
satsuma,51,0,Not found in any recipe
saffron,6,236,Under min_compounds threshold (6 < 10)
ananas_sativus_oil,1,0,Under min_compounds threshold (1 < 10)
pinto_bean,86,0,Not found in any recipe
callitris_intratropica,1,0,Under min_compounds threshold (1 < 10)
labiatae,2,0,Under min_compounds threshold (2 < 10)
eucalyptus_radiata_oil,1,0,Under min_compounds threshold (1 < 10)
gardenia,7,9,Under min_compounds threshold (7 < 10)
strawberry_juice,3,2,Under min_compounds threshold (3 < 10)
cistus_labdanum,1,0,Under min_compounds threshold (1 < 10)
cuttlefish,6,0,Under min_compounds threshold (6 < 10)
clove_oil,3,0,Under min_compounds threshold (3 < 10)
guarana,10,0,Not found in any recipe
juniper_oil,1,0,Under min_compounds threshold (1 < 10)
pinus_punulio,1,0,Under min_compounds threshold (1 < 10)
cured_ham,53,0,Not found in any recipe
artemisia_dracunculus_oil,1,0,Under min_compounds threshold (1 < 10)
melaleuca_paucifiora_oil,1,0,Under min_compounds threshold (1 < 10)
callitris_gracilis,1,0,Under min_compounds threshold (1 < 10)
cabernet_sauvignon_wine,166,17,Alcoholic beverage / solvent
bulgarian_tobacco,1,0,Under min_compounds threshold (1 < 10)
hog_plum,19,0,Not found in any recipe
geranium,23,1,Floral / non-nutritive decorative
dried_kidney_bean,87,0,Not found in any recipe
schizandra_nigra_oil,1,0,Under min_compounds threshold (1 < 10)
toasted_oat_groat,4,0,Under min_compounds threshold (4 < 10)
eucalyptus_globulus,9,0,Under min_compounds threshold (9 < 10)
cinnamomum_kanahirain,1,0,Under min_compounds threshold (1 < 10)
cassia,23,0,Not found in any recipe
wheat_bran,4,0,Under min_compounds threshold (4 < 10)
curcuma,3,0,Under min_compounds threshold (3 < 10)
ouzo,2,9,Under min_compounds threshold (2 < 10)
cinnamomum_oil,1,0,Under min_compounds threshold (1 < 10)
fruit_brandy,11,0,Not found in any recipe
artemisia_herba_alba,3,0,Under min_compounds threshold (3 < 10)
japanese_star_anise_oil,1,0,Under min_compounds threshold (1 < 10)
artemisia_brevifolia,1,0,Under min_compounds threshold (1 < 10)
myrtleberry,52,0,Not found in any recipe
wheat,5,20896,Under min_compounds threshold (5 < 10)
gastrochilus_pandurata_oil,1,0,Under min_compounds threshold (1 < 10)
grape_must,2,0,Under min_compounds threshold (2 < 10)
mentha_timija,2,0,Under min_compounds threshold (2 < 10)
coal_tar,4,0,Under min_compounds threshold (4 < 10)
thaumatococcus_daniellii_fruit,1,0,Under min_compounds threshold (1 < 10)
southern_pea,68,0,Not found in any recipe
rosaceae,2,0,Under min_compounds threshold (2 < 10)
tangerine_peel_oil,4,0,Under min_compounds threshold (4 < 10)
raw_soybean_oil,5,0,Under min_compounds threshold (5 < 10)
rhus_glabra,1,0,Under min_compounds threshold (1 < 10)
tea_leaf_oil,2,0,Under min_compounds threshold (2 < 10)
wood_spirit,1,0,Under min_compounds threshold (1 < 10)
robinia_pseudoacacia_oil,2,0,Under min_compounds threshold (2 < 10)
eucalyptus_australianavar_oil,1,0,Under min_compounds threshold (1 < 10)
liatris_odoratissima,1,0,Under min_compounds threshold (1 < 10)
alpinia_malaccensis_oil,1,0,Under min_compounds threshold (1 < 10)
raw_fish,66,0,Not found in any recipe
thuja_standishii,1,0,Under min_compounds threshold (1 < 10)
citrus_juice,33,0,Not found in any recipe
french_marigold_oil,2,0,Under min_compounds threshold (2 < 10)
salvia_spinosa,1,0,Under min_compounds threshold (1 < 10)
lamb_liver,9,0,Under min_compounds threshold (9 < 10)
mammee,1,0,Under min_compounds threshold (1 < 10)
myrcia_acris,1,0,Under min_compounds threshold (1 < 10)
bystropogon_mollis_leaf_oil,1,0,Under min_compounds threshold (1 < 10)
callitris,1,0,Under min_compounds threshold (1 < 10)
roasted_barley,34,0,Not found in any recipe
tuberose,12,0,Not found in any recipe
violet_leaf_oil,2,0,Under min_compounds threshold (2 < 10)
wood_apple,7,0,Under min_compounds threshold (7 < 10)
custard_apple,9,0,Under min_compounds threshold (9 < 10)
russian_cheese,134,0,Not found in any recipe
animal,7,0,Under min_compounds threshold (7 < 10)
pelargonium_capitaux,1,0,Under min_compounds threshold (1 < 10)
angelica_root,13,0,Not found in any recipe
darwinia_grandiflora_oil,1,0,Under min_compounds threshold (1 < 10)
persea_gratissima_peel,1,0,Under min_compounds threshold (1 < 10)
rhodophyllus_icterus,1,0,Under min_compounds threshold (1 < 10)
rye_ergot,1,0,Under min_compounds threshold (1 < 10)
armenian_muscat_grape_oil,1,0,Under min_compounds threshold (1 < 10)
violet_root,1,0,Under min_compounds threshold (1 < 10)
nance,1,0,Under min_compounds threshold (1 < 10)
ylangylang,22,0,Not found in any recipe
ocimum_viride,1,0,Under min_compounds threshold (1 < 10)
fatty_fish,84,0,Not found in any recipe
magnolia_grandiflora,1,0,Under min_compounds threshold (1 < 10)
tobacco_flower,1,0,Under min_compounds threshold (1 < 10)
kumazasa,1,0,Under min_compounds threshold (1 < 10)
acacia_dealbata,1,0,Under min_compounds threshold (1 < 10)
artichoke,6,391,Under min_compounds threshold (6 < 10)
ocimum_gratissimum,3,0,Under min_compounds threshold (3 < 10)
litsea_odorifera_oil,1,0,Under min_compounds threshold (1 < 10)
pawpaw,26,0,Not found in any recipe
japanese_ho_leaf_oil,1,0,Under min_compounds threshold (1 < 10)
abies_alba_pine_needle,1,0,Under min_compounds threshold (1 < 10)
callitris_rubusta,1,0,Under min_compounds threshold (1 < 10)
artemisia_frigida_oil,1,0,Under min_compounds threshold (1 < 10)
orthodon,1,0,Under min_compounds threshold (1 < 10)
roman_chamomile_oil,25,0,Not found in any recipe
jasminum_odoratissimum_oil,1,0,Under min_compounds threshold (1 < 10)
ormenis_mixta_oil,1,0,Under min_compounds threshold (1 < 10)
ptychotis_ajowan_seed_oil,1,0,Under min_compounds threshold (1 < 10)
araucaria_cunninghamii,1,0,Under min_compounds threshold (1 < 10)
grilled_pork,121,0,Not found in any recipe
ambrette,1,0,Under min_compounds threshold (1 < 10)
ceylon_citronella,4,0,Under min_compounds threshold (4 < 10)
lilac,6,0,Under min_compounds threshold (6 < 10)
litsea_cubeba_oil,1,0,Under min_compounds threshold (1 < 10)
lentil,1,251,Under min_compounds threshold (1 < 10)
pinanona,1,0,Under min_compounds threshold (1 < 10)
whole_grain_wheat_flour,4,734,Under min_compounds threshold (4 < 10)
luraceae_oil,1,0,Under min_compounds threshold (1 < 10)
pepino_melon,7,0,Under min_compounds threshold (7 < 10)
sparkling_wine,142,0,Not found in any recipe
elderberry_fruit,10,0,Not found in any recipe
pinus_sabiniana,2,0,Under min_compounds threshold (2 < 10)
caesalpinia_spinosa,1,0,Under min_compounds threshold (1 < 10)
monarda_punctata_oil,2,0,Under min_compounds threshold (2 < 10)
agathosma_gnidioides_leaf_oil,1,0,Under min_compounds threshold (1 < 10)
wild_raspberry,53,0,Not found in any recipe
angelica_seed,1,0,Under min_compounds threshold (1 < 10)
mastic_gum,15,0,Not found in any recipe
artemisia_santolinifolia_oil,1,0,Under min_compounds threshold (1 < 10)
litsea_citrata,1,0,Under min_compounds threshold (1 < 10)
honduras_peru_balsam,1,0,Under min_compounds threshold (1 < 10)
rooibus_tea,182,0,Not found in any recipe
parsnip,4,140,Under min_compounds threshold (4 < 10)
beech_tar_creosote,1,0,Under min_compounds threshold (1 < 10)
eryngium_facidum,1,0,Under min_compounds threshold (1 < 10)
lemon_flower,6,0,Under min_compounds threshold (6 < 10)
java_citronella_oil,3,0,Under min_compounds threshold (3 < 10)
alcoholic_beverage,1,0,Under min_compounds threshold (1 < 10)
sapodilla_fruit,7,0,Under min_compounds threshold (7 < 10)
buchu_oil,20,0,Not found in any recipe
udo,1,0,Under min_compounds threshold (1 < 10)
kola_nut,10,0,Not found in any recipe
rum_brandy,1,0,Under min_compounds threshold (1 < 10)
prune,18,0,Not found in any recipe
malt_whiskey,32,0,Not found in any recipe
safflower_seed,18,0,Not found in any recipe
camphor_oil,10,0,Not found in any recipe
cowberry,53,0,Not found in any recipe
melaleuca_bracteata_leaf,1,0,Under min_compounds threshold (1 < 10)
bilberry,94,0,Not found in any recipe
uncured_pork,116,0,Not found in any recipe
betel,1,0,Under min_compounds threshold (1 < 10)
raw_radish,14,0,Not found in any recipe
hoary_basil,2,0,Under min_compounds threshold (2 < 10)
bone_oil,1,50,Under min_compounds threshold (1 < 10)
thymbra_spicata_oil,1,0,Under min_compounds threshold (1 < 10)
ginger_grass,4,0,Under min_compounds threshold (4 < 10)
chestnut_flower,6,0,Under min_compounds threshold (6 < 10)
trifolium_incarnatum,1,0,Under min_compounds threshold (1 < 10)
rose_hip,1,0,Under min_compounds threshold (1 < 10)
vervain,2,0,Under min_compounds threshold (2 < 10)
salmon_oil,3,0,Under min_compounds threshold (3 < 10)
raw_potato,98,0,Not found in any recipe
russian_anise,2,0,Under min_compounds threshold (2 < 10)
eucalyptus_bakeries_oil,1,0,Under min_compounds threshold (1 < 10)
jasminum_grandiflorum_oil,1,0,Under min_compounds threshold (1 < 10)
tolu_balsam,5,0,Under min_compounds threshold (5 < 10)
seaweed,1,215,Under min_compounds threshold (1 < 10)
rhus_typhia,1,0,Under min_compounds threshold (1 < 10)
california_lemon_oil,1,0,Under min_compounds threshold (1 < 10)
alpinia_sessilis,1,0,Under min_compounds threshold (1 < 10)
artemisae_oil,1,0,Under min_compounds threshold (1 < 10)
bog_blueberry,53,0,Not found in any recipe
starch,2,2740,Under min_compounds threshold (2 < 10)
raw_turkey,51,0,Not found in any recipe
welsh_onion,2,0,Under min_compounds threshold (2 < 10)
piper_lowong,1,0,Under min_compounds threshold (1 < 10)
picea_rubens,1,0,Under min_compounds threshold (1 < 10)
plum_wine,5,0,Under min_compounds threshold (5 < 10)
bourbon_whiskey,11,156,Alcoholic beverage / solvent
chicory_root,7,0,Under min_compounds threshold (7 < 10)
tobacco,9,0,Under min_compounds threshold (9 < 10)
sea_bass,65,0,Not found in any recipe
rosemary_oil,2,0,Under min_compounds threshold (2 < 10)
honeydew,1,0,Under min_compounds threshold (1 < 10)
phellodendron_amurense_fruit,1,0,Under min_compounds threshold (1 < 10)
baeckea_citriodora_oil,1,0,Under min_compounds threshold (1 < 10)
cupressaceae,3,0,Under min_compounds threshold (3 < 10)
apple_juice,39,0,Not found in any recipe
chamaecyparis_formosensis_oil,1,0,Under min_compounds threshold (1 < 10)
roasted_spanish_peanut,1,0,Under min_compounds threshold (1 < 10)
rose_flower_oil,1,0,Under min_compounds threshold (1 < 10)
furcraea_gigantean_flower_oil,1,0,Under min_compounds threshold (1 < 10)
caprifoliaceae,1,0,Under min_compounds threshold (1 < 10)
orris_oil,1,0,Under min_compounds threshold (1 < 10)
wheat_flake,4,0,Under min_compounds threshold (4 < 10)
mustard_greens_oil,1,0,Under min_compounds threshold (1 < 10)
finnish_pine_oil,2,0,Under min_compounds threshold (2 < 10)
sassafras,4,18,Under min_compounds threshold (4 < 10)
guinea_pepper,36,0,Not found in any recipe
picea_alba_oil,1,0,Under min_compounds threshold (1 < 10)
grain,1,0,Under min_compounds threshold (1 < 10)
split_pea,1,0,Under min_compounds threshold (1 < 10)
roasted_cocoa,197,0,Not found in any recipe
litsea_cubeba,4,0,Under min_compounds threshold (4 < 10)
oregano,2,3182,Under min_compounds threshold (2 < 10)
parsnip_fruit,10,0,Not found in any recipe
anise_seed_oil,1,0,Under min_compounds threshold (1 < 10)
rhizopus,1,0,Under min_compounds threshold (1 < 10)
valerian_root_oil,2,0,Under min_compounds threshold (2 < 10)
neroli_oil,7,0,Under min_compounds threshold (7 < 10)
arnica_montana,1,0,Under min_compounds threshold (1 < 10)
tangerine_juice,7,0,Under min_compounds threshold (7 < 10)
verbenaceae,1,0,Under min_compounds threshold (1 < 10)
abies_alba,1,0,Under min_compounds threshold (1 < 10)
hyacinth,15,0,Not found in any recipe
cypress,6,0,Under min_compounds threshold (6 < 10)
fennel_oil,2,0,Under min_compounds threshold (2 < 10)
wood,8,33,Under min_compounds threshold (8 < 10)
satureia_montana,1,0,Under min_compounds threshold (1 < 10)
liquidambar_orientalis_storax,1,0,Under min_compounds threshold (1 < 10)
raw_leek,39,0,Not found in any recipe
chokeberry,53,0,Not found in any recipe
salvia_triloba_oil,1,0,Under min_compounds threshold (1 < 10)
grapefruit_peel_oil,7,0,Under min_compounds threshold (7 < 10)
naranjilla,21,0,Not found in any recipe
wild_marjoram,1,0,Under min_compounds threshold (1 < 10)
israeli_orange_oil,1,0,Under min_compounds threshold (1 < 10)
roasted_filbert,104,0,Not found in any recipe
aristolochia_clematitis,1,0,Under min_compounds threshold (1 < 10)
laurel_leaf,3,0,Under min_compounds threshold (3 < 10)
guinea_orange_oil,1,0,Under min_compounds threshold (1 < 10)
balm,1,3,Under min_compounds threshold (1 < 10)
lilium_candidum_flower,1,0,Under min_compounds threshold (1 < 10)
black_currant_bud,5,0,Under min_compounds threshold (5 < 10)
french_peppermint,79,0,Not found in any recipe
whale,46,0,Not found in any recipe
water_apple,10,0,Not found in any recipe
crowberry,55,0,Not found in any recipe
camphor,15,0,Not found in any recipe
hatsutake,1,0,Under min_compounds threshold (1 < 10)
texas_sage,1,0,Under min_compounds threshold (1 < 10)
white_wine,222,2212,Alcoholic beverage / solvent
sweet_grass_oil,18,0,Not found in any recipe
cymbopogon_sennaarensis,1,0,Under min_compounds threshold (1 < 10)
pinaceae,3,0,Under min_compounds threshold (3 < 10)
azalea,6,0,Under min_compounds threshold (6 < 10)
magnolia_fuscata,1,0,Under min_compounds threshold (1 < 10)
jerusalem_artichoke,1,0,Under min_compounds threshold (1 < 10)
nira,5,67,Under min_compounds threshold (5 < 10)
daffodil_flower,6,0,Under min_compounds threshold (6 < 10)
malay_apple,15,0,Not found in any recipe
peated_malt,7,0,Under min_compounds threshold (7 < 10)
berry_juice,1,0,Under min_compounds threshold (1 < 10)
weinbrand,5,0,Under min_compounds threshold (5 < 10)
cayenne_linaloe,2,0,Under min_compounds threshold (2 < 10)
cruciferae_seed,19,0,Not found in any recipe
raw_fatty_fish,84,0,Not found in any recipe
black_currant_juice,1,0,Under min_compounds threshold (1 < 10)
mindanaese_cinnamomum_oil,1,0,Under min_compounds threshold (1 < 10)
lippia_scaberrima,1,0,Under min_compounds threshold (1 < 10)
rhus_coriaria,1,0,Under min_compounds threshold (1 < 10)
strawberry_wine,6,0,Under min_compounds threshold (6 < 10)
silkworm_chrysalis,1,0,Under min_compounds threshold (1 < 10)
pinus_jeffreyi_leaf_oil,1,0,Under min_compounds threshold (1 < 10)
ceylon_tea_oil,1,0,Under min_compounds threshold (1 < 10)
wheaten_bread,81,0,Not found in any recipe
andropogon_intermedius,1,0,Under min_compounds threshold (1 < 10)
blumea_eriantha_oil,1,0,Under min_compounds threshold (1 < 10)
jasminum_grandiflorum,7,0,Under min_compounds threshold (7 < 10)
achillea_millefolium,1,0,Under min_compounds threshold (1 < 10)
thuja_occidentalis_oil,1,0,Under min_compounds threshold (1 < 10)
lime_oil,4,0,Under min_compounds threshold (4 < 10)
orthodon_asaroniferum_oil,1,0,Under min_compounds threshold (1 < 10)
barosma_venustum,1,0,Under min_compounds threshold (1 < 10)
lippia_carviodora,1,0,Under min_compounds threshold (1 < 10)
leaf,21,9,Ambiguous or non-food extract
melaleuca_viridiflora,1,0,Under min_compounds threshold (1 < 10)
parsnip_root,5,0,Under min_compounds threshold (5 < 10)
neroli_bigarade,2,0,Under min_compounds threshold (2 < 10)
thymus_oil,1,0,Under min_compounds threshold (1 < 10)
rangpur,1,0,Under min_compounds threshold (1 < 10)
oxidized_lard,1,0,Under min_compounds threshold (1 < 10)
champagne_wine,128,100,Alcoholic beverage / solvent
roasted_chicken,144,0,Not found in any recipe
pike,65,0,Not found in any recipe
ambergris_oil,1,0,Under min_compounds threshold (1 < 10)
ocotea_usambarensis_oil,1,0,Under min_compounds threshold (1 < 10)
passiflora_edulis,4,0,Under min_compounds threshold (4 < 10)
citron,1,0,Under min_compounds threshold (1 < 10)
spanish_anise,1,0,Under min_compounds threshold (1 < 10)
chempedak,1,0,Under min_compounds threshold (1 < 10)
vitis_labrusca_oil,1,0,Under min_compounds threshold (1 < 10)
plumcot,21,0,Not found in any recipe
dill_blossom,6,0,Under min_compounds threshold (6 < 10)
spirea_ulmaria_oil,1,0,Under min_compounds threshold (1 < 10)
maize,1,0,Under min_compounds threshold (1 < 10)
ruta_montana_oil,1,0,Under min_compounds threshold (1 < 10)
rosa_rugosa,1,0,Under min_compounds threshold (1 < 10)
beer,227,308,Alcoholic beverage / solvent
rose_apple,24,0,Not found in any recipe
bitter_almond,2,0,Under min_compounds threshold (2 < 10)
valerian,4,0,Under min_compounds threshold (4 < 10)
algerian_geranium_oil,1,0,Under min_compounds threshold (1 < 10)
thymus_mastichina,2,0,Under min_compounds threshold (2 < 10)
citrus_flower_oil,1,0,Under min_compounds threshold (1 < 10)
artemisia,2,13,Under min_compounds threshold (2 < 10)
compositae,1,0,Under min_compounds threshold (1 < 10)
daffodil,6,0,Under min_compounds threshold (6 < 10)
valeriana_officinalis,1,0,Under min_compounds threshold (1 < 10)
japanese_plum,8,13,Under min_compounds threshold (8 < 10)
origanum_floribundum,1,0,Under min_compounds threshold (1 < 10)
persea_pubescens,1,0,Under min_compounds threshold (1 < 10)
condiment,1,9,Under min_compounds threshold (1 < 10)
lilac_flower_oil,1,1,Under min_compounds threshold (1 < 10)
white_currant_juice,1,0,Under min_compounds threshold (1 < 10)
pouching_tea,173,0,Not found in any recipe
raw_cabbage,41,0,Not found in any recipe
boiled_mutton,76,0,Not found in any recipe
filipendula_ulmaria_flower,6,0,Under min_compounds threshold (6 < 10)
cascarilla,1,0,Under min_compounds threshold (1 < 10)
rue_oil,3,0,Under min_compounds threshold (3 < 10)
roasted_coconut,56,0,Not found in any recipe
cajeput_oil,2,0,Under min_compounds threshold (2 < 10)
feijoa,18,0,Not found in any recipe
tobacco_oil,1,0,Under min_compounds threshold (1 < 10)
cinnamon_leaf,5,0,Under min_compounds threshold (5 < 10)
artemisia_porrecta_oil,1,0,Under min_compounds threshold (1 < 10)
