ahn_id,ahn_name,compound_count,recipe_count,category
3,mackerel,65,44,fish/seafood
7,black_pepper,38,9893,spice
9,peanut_butter,145,1029,plant derivative
17,red_bean,87,33,vegetable
19,bacon,120,2172,meat
30,litchi,33,12,fruit
41,soybean,160,1197,vegetable
46,blueberry,64,467,fruit
51,pecan,48,2178,nut/seed/pulse
57,smoked_sausage,48,268,meat
64,honey,55,2558,animal product
69,cottage_cheese,131,348,dairy
72,hop,103,3,cereal/crop
88,orange_juice,54,1728,fruit
92,bitter_orange,34,85,fruit
93,roasted_sesame_seed,24,597,nut/seed/pulse
94,avocado,38,662,fruit
98,fig,41,139,fruit
105,bread,51,4596,cereal/crop
107,meat,44,991,meat
110,citrus_peel,52,4,plant
112,rosemary,28,1893,herb
118,black_sesame_seed,18,26,nut/seed/pulse
124,roasted_hazelnut,12,1,nut/seed/pulse
133,raisin,22,1905,fruit
136,garlic,21,17465,vegetable
137,cheddar_cheese,151,3029,dairy
142,tamarind,51,1682,spice
147,licorice,39,21,spice
152,hazelnut,10,288,nut/seed/pulse
164,ginger,86,4396,spice
165,seed,17,1346,nut/seed/pulse
166,mint,45,1030,herb
169,goat_cheese,131,260,dairy
180,watercress,13,150,vegetable
184,macadamia_nut,18,103,nut/seed/pulse
187,pineapple,110,1638,fruit
194,sage,13,904,herb
196,fennel,18,913,herb
202,celery,54,3634,vegetable
204,mung_bean,86,24,vegetable
205,rice,74,3888,cereal/crop
207,sour_milk,12,46,dairy
210,watermelon,11,110,fruit
211,sheep_cheese,130,2,dairy
230,yogurt,37,1057,dairy
231,lemon_peel,26,729,plant
236,ham,47,1302,meat
238,cod,65,181,fish/seafood
248,beef,199,4946,meat
249,shiitake,119,595,vegetable
251,parsley,22,5579,herb
254,grapefruit,57,121,fruit
256,basil,23,3845,herb
257,kelp,11,179,vegetable
258,roasted_beef,216,228,meat
260,mushroom,117,3379,vegetable
261,baked_potato,127,9,vegetable
289,papaya,119,57,fruit
296,tuna,85,463,fish/seafood
298,butter,140,20814,dairy
302,orange_peel,28,596,plant
308,huckleberry,53,10,fruit
309,cherry,41,1085,fruit
327,okra,26,102,fruit
328,eel,65,20,fish/seafood
330,bartlett_pear,52,23,fruit
336,lingonberry,19,9,fruit
338,plum,84,290,fruit
373,strawberry_jam,26,1,fruit
376,leek,39,426,vegetable
381,rapeseed,19,3,plant
385,potato,97,3561,vegetable
396,milk,118,12925,dairy
399,grape,125,346,fruit
401,camembert_cheese,141,12,dairy
404,melon,107,163,fruit
406,thai_pepper,38,137,spice
417,pork,115,2072,meat
419,currant,41,242,fruit
422,frankfurter,48,37,meat
427,corn,82,4836,cereal/crop
439,cinnamon,51,5639,spice
444,radish,13,528,vegetable
466,olive,63,1799,fruit
467,spearmint,47,6,herb
486,mango,141,420,fruit
489,coconut_oil,18,17,plant derivative
525,cheese,127,3286,dairy
545,coconut,51,1822,nut/seed/pulse
567,rye_bread,74,92,cereal/crop
572,nectarine,52,51,fruit
575,pumpkin,13,806,vegetable
579,cumin,16,3321,spice
586,mutton,67,3,meat
587,roasted_peanut,144,205,nut/seed/pulse
589,roasted_meat,45,15,meat
590,mandarin,63,279,fruit
609,berry,52,183,fruit
614,tabasco_pepper,40,977,spice
616,turkey,50,901,meat
630,passion_fruit,131,20,fruit
631,coffee,234,720,plant derivative
633,red_kidney_bean,90,59,vegetable
639,catfish,65,71,fish/seafood
647,brown_rice,78,347,cereal/crop
652,veal,49,199,meat
658,cilantro,19,2493,herb
663,cayenne,39,8303,spice
671,endive,27,115,vegetable
674,clam,61,476,fish/seafood
675,thyme,25,3046,herb
676,blackberry,106,170,fruit
694,shrimp,72,1690,fish/seafood
696,swiss_cheese,145,523,dairy
698,chive,22,1337,vegetable
703,white_bread,59,372,cereal/crop
707,anise,17,224,spice
716,sauerkraut,15,185,vegetable
717,strawberry,196,1081,fruit
724,cream,29,10194,dairy
729,roasted_almond,13,3,nut/seed/pulse
735,pear,49,484,fruit
746,brussels_sprout,10,92,vegetable
750,porcini,118,106,vegetable
756,lima_bean,91,149,vegetable
759,kidney_bean,87,442,vegetable
775,tea,171,109,plant derivative
778,bergamot,13,7,flower
781,guava,145,13,fruit
804,roquefort_cheese,127,23,dairy
809,herring,65,10,fish/seafood
823,malt,90,38,cereal/crop
824,enokidake,117,106,vegetable
830,durian,34,1,fruit
846,muscat_grape,131,1,fruit
848,egg,49,21114,animal product
849,turmeric,10,1329,spice
857,katsuobushi,55,63,fish/seafood
858,raw_beef,199,2,meat
861,smoked_fish,80,6,fish/seafood
873,juniper_berry,58,33,fruit
878,fish,64,2113,fish/seafood
882,lemongrass,17,221,herb
889,quince,53,29,fruit
898,concord_grape,128,12,fruit
908,black_tea,239,45,plant derivative
918,banana,115,992,fruit
923,gruyere_cheese,155,45,dairy
925,haddock,65,31,fish/seafood
929,kiwi,55,109,fruit
940,salmon,84,452,fish/seafood
943,mace,21,118,spice
944,oyster,26,410,fish/seafood
965,long_pepper,37,2,spice
976,laurel,34,2,plant
983,elderberry,68,5,fruit
994,blue_cheese,164,396,dairy
1000,scallop,41,300,fish/seafood
1003,provolone_cheese,139,168,dairy
1008,buttermilk,12,1637,dairy
1012,vinegar,33,8097,plant derivative
1022,potato_chip,33,65,vegetable
1026,black_currant,88,11,fruit
1044,cucumber,23,1908,vegetable
1045,pimento,13,270,spice
1054,roasted_pork,119,125,meat
1062,kumquat,11,33,fruit
1088,pea,68,1190,vegetable
1094,raspberry,130,786,fruit
1096,smoked_salmon,85,100,fish/seafood
1098,oatmeal,19,61,cereal/crop
1114,green_bell_pepper,37,2590,vegetable
1117,cream_cheese,130,2843,dairy
1120,apricot,110,626,fruit
1121,peppermint,78,142,herb
1125,dill,41,1111,herb
1132,lemon,77,3066,fruit
1133,peach,74,531,fruit
1140,mustard,22,4125,plant derivative
1141,kaffir_lime,65,1,fruit
1148,emmental_cheese,127,1,dairy
1152,wheat_bread,90,84,cereal/crop
1160,peanut,97,512,nut/seed/pulse
1174,asparagus,63,461,vegetable
1182,tarragon,10,478,herb
1183,soy_sauce,10,3828,plant derivative
1193,buckwheat,63,90,cereal/crop
1194,popcorn,31,97,cereal/crop
1195,mussel,17,169,fish/seafood
1196,peppermint_oil,58,9,plant derivative
1197,apple,195,2433,fruit
1199,lime,63,1165,fruit
1201,rutabaga,11,34,vegetable
1204,crab,31,574,fish/seafood
1208,tangerine,62,52,fruit
1216,carrot,40,3717,vegetable
1221,lamb,66,488,meat
1224,rhubarb,11,169,vegetable
1232,kohlrabi,28,6,vegetable
1233,cardamom,52,375,spice
1235,mozzarella_cheese,132,1291,dairy
1237,cabbage,38,1035,vegetable
1238,pork_sausage,119,1371,meat
1240,tomato,150,9978,vegetable
1250,peanut_oil,18,312,plant derivative
1255,walnut,15,2746,nut/seed/pulse
1257,orange,127,1728,fruit
1258,roasted_pecan,50,1,nut/seed/pulse
1261,citrus,50,171,fruit
1267,coriander,52,1679,spice
1269,cider,82,1136,alcoholic beverage
1280,mate,44,1,plant derivative
1281,barley,14,267,cereal/crop
1292,bell_pepper,66,6006,vegetable
1298,romano_cheese,135,275,dairy
1305,shallot,14,1310,vegetable
1320,clove,43,10,spice
1334,matsutake,119,57,vegetable
1337,sour_cherry,26,50,fruit
1338,chicken,123,5483,meat
1348,bean,86,2003,vegetable
1356,nutmeg,37,2522,spice
1370,cauliflower,23,333,vegetable
1373,prickly_pear,37,20,fruit
1375,black_raspberry,53,8,fruit
1379,marjoram,20,528,herb
1390,cured_pork,135,315,meat
1399,vanilla,78,9040,spice
1401,parmesan_cheese,178,3174,dairy
1403,pork_liver,32,5,meat
1407,squid,19,238,fish/seafood
1412,sesame_seed,19,781,nut/seed/pulse
1415,fenugreek,13,940,herb
1421,broccoli,12,931,vegetable
1422,feta_cheese,130,623,dairy
1435,oat,36,1267,cereal/crop
1446,lovage,32,142,herb
1447,onion,58,18205,vegetable
1469,truffle,19,52,vegetable
1471,pepper,36,9282,spice
1478,black_bean,87,495,vegetable
1481,cranberry,102,920,fruit
1482,mandarin_peel,14,15,plant
1488,cocoa,193,4807,plant derivative
1494,caviar,21,28,fish/seafood
1497,sturgeon_caviar,22,1,fish/seafood
1503,lime_peel_oil,12,108,plant derivative
1519,cashew,16,210,nut/seed/pulse
1523,star_anise,13,133,spice
1527,green_tea,197,35,plant derivative
1529,munster_cheese,127,27,dairy
