term,coef,std_err,p_value,ci_low,ci_high
Intercept,0.08922782930986423,0.01274060150168846,2.497821372893883e-12,0.06425670922517791,0.11419894939455054
C(category_pair_grouped)[T.dairy x fruit],0.03945354371815796,0.006380718446224205,6.279724371845288e-10,0.02694756536806814,0.051959522068247777
C(category_pair_grouped)[T.dairy x vegetable],0.07825791366534118,0.007142926311518432,6.218642912714937e-28,0.06425803535054153,0.09225779198014084
C(category_pair_grouped)[T.fish/seafood x fruit],-0.050696651657500105,0.0034243999036200692,1.3692864973500933e-49,-0.057408352137257875,-0.043984951177742336
C(category_pair_grouped)[T.fish/seafood x vegetable],0.020184762880698696,0.006154307437597107,0.0010388875585790641,0.008122541953221379,0.03224698380817601
C(category_pair_grouped)[T.fruit x fruit],-0.24121799472439942,0.002837302222226458,0.0,-0.24677900489321875,-0.2356569845555801
C(category_pair_grouped)[T.fruit x herb],0.06815252814206,0.009798701752854938,3.519099087440756e-12,0.04894742561121483,0.08735763067290518
C(category_pair_grouped)[T.fruit x meat],-0.0331768773956255,0.004598831601071472,5.425314387231006e-13,-0.042190421704690256,-0.02416333308656074
C(category_pair_grouped)[T.fruit x nut/seed/pulse],0.13879949514306505,0.007109735046215043,7.075300981153298e-85,0.12486467051286135,0.15273431977326876
C(category_pair_grouped)[T.fruit x spice],0.044302634243684594,0.009073231953022742,1.0459828825446754e-06,0.026519426392382004,0.06208584209498719
C(category_pair_grouped)[T.fruit x vegetable],-0.1326766732799245,0.005950889556475808,4.107115390982072e-110,-0.14434020248659263,-0.12101314407325638
C(category_pair_grouped)[T.herb x vegetable],0.043679193025142254,0.009622091428014344,5.639586849947701e-06,0.024820240370282562,0.06253814568000195
C(category_pair_grouped)[T.meat x vegetable],0.026754447584228735,0.006077552973050881,1.0717139610863386e-05,0.01484266264291468,0.03866623252554279
C(category_pair_grouped)[T.nut/seed/pulse x vegetable],0.07982340579163137,0.008927262546792061,3.8381112578439375e-19,0.06232629271938561,0.09732051886387713
C(category_pair_grouped)[T.spice x vegetable],0.04691510730771652,0.009665078514065388,1.2094419277877126e-06,0.02797190151239646,0.06585831310303658
C(category_pair_grouped)[T.vegetable x vegetable],-0.04971958347324648,0.009662569072646324,2.666864999274679e-07,-0.06865787085376386,-0.0307812960927291
n_shared,-0.002375854751740278,9.170378529876362e-05,5.422145592949453e-148,-0.002555590868171848,-0.0021961186353087075
np.log(comp_min),0.031795758802293385,0.002871453952391466,1.6952686620413991e-28,0.026167812472340922,0.03742370513224585
np.log(comp_max),0.032396001852596744,0.002576917463627183,3.024994454727385e-36,0.027345336432755163,0.037446667272438325
