group,n_recipes,n_pairs,mean_C,rho,ci_low,ci_high,naive_p_value
African,155,258,0.33614844961240314,-0.21030273953045744,-0.519903651614929,0.09039174824265238,0.0006747019626038339
East Asian,3705,1902,0.2749664563617245,-0.07545330660708276,-0.2651768590711727,0.04316826213795015,0.0009905543872589318
Latin American,2917,1718,0.2882250873108265,-0.15476451824434442,-0.2852492109680194,0.01607584514693008,1.1257494604355892e-10
Middle Eastern and North African,522,594,0.29781969696969696,-0.201585019353453,-0.4075568685093842,0.02513536763512738,7.283563244446843e-07
North American,41524,6933,0.28364096350786094,-0.15240150885755416,-0.24670010531956954,-0.021521146585315037,2.673159686554767e-37
Northern and Eastern European,631,535,0.2487585046728972,-0.23759597877261573,-0.4374125264753824,0.00814814256947605,2.6577336561370194e-08
South Asian,621,762,0.3039792650918635,-0.2771242652427801,-0.47882026276000156,-0.060750064242093386,6.681905050854572e-15
Southeast Asian,457,801,0.28588464419475657,-0.03540469959928435,-0.19060398270074302,0.16447490876207824,0.31693765962854475
Southern European,4180,2232,0.28901017025089604,-0.21091361721357427,-0.3673413155979227,-0.049035054960175545,7.321492551226377e-24
Western European,2209,1470,0.27667721088435376,-0.2269425731486935,-0.3800163683443477,-0.09759813481020868,1.263937261712217e-18
