x,metric,rho,ci_low,ci_high,naive_p_value
n_shared,C_main,-0.09608737022825702,-0.1617281628847772,-0.00129152659015318,4.485564086056512e-50
n_shared_norm,C_main,-0.11952761392538189,-0.19333299327800624,-0.05013135651792067,1.1226497965992482e-76
n_shared,C_5_15,-0.06951328440339843,-0.13240850495184842,-0.011686740314405924,5.772915683179992e-27
n_shared_norm,C_5_15,-0.11350934014018331,-0.17427016583908714,-0.05367365412993151,2.765919552858008e-69
n_shared,C_10_20,-0.09608737022825702,-0.1617281628847772,-0.00129152659015318,4.485564086056512e-50
n_shared_norm,C_10_20,-0.11952761392538189,-0.19333299327800624,-0.05013135651792067,1.1226497965992482e-76
n_shared,C_10_25,-0.08109639663148997,-0.1517865611211527,0.0052548666552362615,3.9948627994837836e-36
n_shared_norm,C_10_25,-0.10638188670865982,-0.17352836707010533,-0.02500662625545396,4.9270097347375805e-61
n_shared,C_15_30,-0.10401655518080105,-0.17733228611967555,-0.01701566205440789,2.0444263535550936e-58
n_shared_norm,C_15_30,-0.11479525274130112,-0.19263559710997893,-0.03425880930124216,7.856660091116254e-71
